freq,unit,isced11,age,sex,geo,2013,2014,2015,2016,2017,2018,2019,2020,2021,2022,2023,2024
A,PC,ED5-8,Y25-64,F,AT11,14.4,24.8,26.7,27.1,28.3,28.4,30.5,32.4,31.3,31.9,34.1,35.5
A,PC,ED5-8,Y25-64,F,AT12,15.5,27.7,28.1,28.7,31.1,30.3,31.9,33.2,33.8,33.4,36.2,38.7
A,PC,ED5-8,Y25-64,F,AT13,30.7,40.3,39.3,41.2,43.6,43.4,44.9,44.7,46.1,47.1,47.5,49.4
A,PC,ED5-8,Y25-64,F,AT21,17.0,29.5,28.2,28.3,30.2,30.6,32.0,32.8,34.7,34.1,34.4,36.7
A,PC,ED5-8,Y25-64,F,AT22,15.5,24.5,24.4,27.0,27.8,27.8,29.2,31.6,30.2,31.5,33.9,33.8
A,PC,ED5-8,Y25-64,F,AT31,14.0,23.1,25.5,27.4,26.7,26.0,29.3,28.2,29.0,31.2,32.2,31.8
A,PC,ED5-8,Y25-64,F,AT32,19.4,27.9,29.3,29.0,28.1,31.6,32.4,32.1,32.9,33.0,36.5,34.6
A,PC,ED5-8,Y25-64,F,AT33,17.2,23.8,24.6,26.4,28.2,28.2,28.0,29.8,31.4,31.2,32.3,34.5
A,PC,ED5-8,Y25-64,F,AT34,14.5,21.4,24.2,25.6,26.5,25.3,25.5,26.7,26.8,28.1,28.3,30.2
A,PC,ED5-8,Y25-64,F,BE10,43.4,45.0,44.7,46.3,47.7,49.1,49.4,51.2,54.0,55.5,55.4,54.4
A,PC,ED5-8,Y25-64,F,BE21,38.1,40.9,40.4,37.7,40.6,43.3,44.2,45.4,47.7,52.3,51.4,51.7
A,PC,ED5-8,Y25-64,F,BE22,31.7,35.6,36.6,36.5,39.0,40.7,42.4,43.1,43.4,48.0,48.3,43.7
A,PC,ED5-8,Y25-64,F,BE23,40.4,39.1,41.4,43.6,46.9,46.8,45.6,48.9,55.3,54.1,51.2,52.3
A,PC,ED5-8,Y25-64,F,BE24,47.1,49.1,47.2,50.9,53.5,52.5,53.4,54.8,58.0,56.1,54.0,54.0
A,PC,ED5-8,Y25-64,F,BE25,35.3,36.1,36.2,39.4,42.0,42.2,41.9,43.3,43.2,43.6,43.2,43.0
A,PC,ED5-8,Y25-64,F,BE31,54.8,55.2,58.9,55.0,61.9,63.9,58.4,64.0,66.3,66.7,67.2,67.1
A,PC,ED5-8,Y25-64,F,BE32,30.6,31.2,31.2,32.6,34.7,35.1,36.5,38.3,39.8,39.6,40.6,40.7
A,PC,ED5-8,Y25-64,F,BE33,34.6,36.0,36.0,37.2,39.6,38.4,41.9,44.6,47.2,46.3,43.0,43.7
A,PC,ED5-8,Y25-64,F,BE34,35.7,39.9,41.2,39.2,40.7,42.7,45.5,47.9,49.1,46.5,45.1,46.7
A,PC,ED5-8,Y25-64,F,BE35,36.1,40.9,39.9,38.2,44.7,43.9,41.6,46.8,47.2,47.1,50.1,49.7
A,PC,ED5-8,Y25-64,F,BG31,24.6,26.4,27.7,25.0,25.8,26.7,25.4,26.9,24.7,23.3,26.4,32.7
A,PC,ED5-8,Y25-64,F,BG32,26.6,27.6,28.7,29.9,28.1,31.7,32.0,32.2,33.0,32.1,32.6,36.9
A,PC,ED5-8,Y25-64,F,BG33,30.4,33.2,32.4,32.2,34.0,31.3,29.0,29.1,32.4,35.5,37.3,43.2
A,PC,ED5-8,Y25-64,F,BG34,25.4,26.1,26.1,26.7,27.1,27.1,27.0,28.3,27.6,26.7,27.6,33.7
A,PC,ED5-8,Y25-64,F,BG41,42.0,44.5,46.1,47.0,45.8,45.7,45.5,48.1,48.5,49.6,48.1,49.2
A,PC,ED5-8,Y25-64,F,BG42,25.7,26.9,26.8,26.3,27.8,28.7,28.4,27.9,29.0,29.6,31.5,35.3
A,PC,ED5-8,Y25-64,F,CH01,35.8,37.0,37.3,38.1,41.0,42.8,43.3,44.0,44.0,44.1,46.1,46.5
A,PC,ED5-8,Y25-64,F,CH02,29.2,30.3,32.5,32.7,33.0,34.5,36.3,38.6,37.9,37.2,39.5,39.8
A,PC,ED5-8,Y25-64,F,CH03,31.9,34.3,36.3,36.2,38.1,40.0,41.1,42.3,42.0,42.1,42.2,43.1
A,PC,ED5-8,Y25-64,F,CH04,39.2,40.4,44.0,46.7,47.6,49.2,51.1,52.4,52.0,52.0,54.4,54.7
A,PC,ED5-8,Y25-64,F,CH05,23.4,25.1,27.5,28.6,29.6,32.0,33.1,35.0,35.0,34.2,35.5,36.4
A,PC,ED5-8,Y25-64,F,CH06,28.0,29.7,31.3,35.3,36.7,38.1,36.8,38.1,39.9,39.2,41.4,41.8
A,PC,ED5-8,Y25-64,F,CH07,28.8,30.5,33.5,32.6,35.7,39.5,37.5,38.4,39.2,39.4,41.5,42.5
A,PC,ED5-8,Y25-64,F,CY00,41.0,43.0,43.4,45.7,46.3,48.4,49.3,49.1,50.8,51.6,54.2,56.1
A,PC,ED5-8,Y25-64,F,CZ01,37.4,40.3,40.6,42.5,45.2,46.7,45.7,47.2,51.3,53.2,55.6,54.3
A,PC,ED5-8,Y25-64,F,CZ02,20.7,21.9,22.3,22.7,22.3,25.1,25.5,27.3,28.0,27.7,29.0,26.6
A,PC,ED5-8,Y25-64,F,CZ03,20.0,19.4,20.6,21.3,22.2,22.9,23.8,22.5,24.3,25.4,28.3,28.2
A,PC,ED5-8,Y25-64,F,CZ04,13.3,14.6,14.0,15.2,16.4,16.2,17.8,16.5,17.0,17.2,19.9,20.3
A,PC,ED5-8,Y25-64,F,CZ05,16.9,19.5,20.3,19.5,21.9,21.9,20.9,22.1,24.0,26.4,25.1,25.7
A,PC,ED5-8,Y25-64,F,CZ06,23.1,24.3,26.2,26.9,27.0,27.6,27.6,30.7,31.4,31.9,32.5,33.1
A,PC,ED5-8,Y25-64,F,CZ07,17.1,19.8,20.3,20.0,22.4,22.1,23.0,24.8,28.2,27.7,27.1,27.6
A,PC,ED5-8,Y25-64,F,CZ08,17.7,17.2,20.7,21.8,24.1,23.5,21.8,23.6,26.9,24.7,25.7,29.0
A,PC,ED5-8,Y25-64,F,DE11,27.0,24.3,26.7,27.2,26.9,27.4,29.5,29.9,31.1,31.9,33.0,35.1
A,PC,ED5-8,Y25-64,F,DE12,27.0,24.2,26.2,26.5,26.6,26.4,28.1,30.2,29.7,32.1,34.0,33.4
A,PC,ED5-8,Y25-64,F,DE13,25.0,22.0,22.7,25.0,24.4,25.5,27.4,28.1,29.8,29.0,29.7,32.2
A,PC,ED5-8,Y25-64,F,DE14,27.8,23.7,25.0,24.7,25.2,25.0,27.0,29.5,29.5,31.2,33.5,35.1
A,PC,ED5-8,Y25-64,F,DE21,33.3,32.5,32.5,33.7,35.4,35.9,36.6,35.3,39.4,39.4,39.5,42.0
A,PC,ED5-8,Y25-64,F,DE22,18.9,15.3,15.8,16.1,17.1,17.0,18.2,18.9,21.9,23.2,23.0,22.8
A,PC,ED5-8,Y25-64,F,DE23,22.2,19.4,18.7,20.2,19.3,20.2,20.8,25.0,25.0,25.4,27.6,28.8
A,PC,ED5-8,Y25-64,F,DE24,22.1,17.9,17.9,18.8,20.6,20.6,21.3,24.2,26.1,23.8,23.2,25.3
A,PC,ED5-8,Y25-64,F,DE25,24.8,22.7,24.0,24.1,25.5,26.2,26.5,31.0,27.6,30.2,34.4,33.5
A,PC,ED5-8,Y25-64,F,DE26,25.1,19.8,20.7,21.4,22.7,22.8,24.2,25.8,26.1,26.6,29.5,29.6
A,PC,ED5-8,Y25-64,F,DE27,21.5,19.5,20.1,19.4,19.9,22.1,22.5,27.0,26.6,26.5,27.1,29.1
A,PC,ED5-8,Y25-64,F,DE30,38.5,37.4,38.0,39.8,42.1,43.7,45.1,44.6,48.6,50.3,46.9,46.9
A,PC,ED5-8,Y25-64,F,DE40,32.4,28.5,28.7,28.7,28.0,29.3,29.5,29.2,32.4,30.9,31.8,34.5
A,PC,ED5-8,Y25-64,F,DE50,26.4,26.3,25.7,26.6,27.3,28.6,29.2,31.1,32.8,29.2,30.4,30.1
A,PC,ED5-8,Y25-64,F,DE60,31.8,33.9,35.0,36.1,35.5,36.6,36.1,36.7,42.2,38.4,40.5,43.6
A,PC,ED5-8,Y25-64,F,DE71,29.3,27.6,28.6,29.8,30.8,30.8,31.6,31.5,32.2,32.9,35.7,36.9
A,PC,ED5-8,Y25-64,F,DE72,25.0,20.4,22.7,22.7,25.0,24.2,25.5,28.4,28.3,28.1,28.6,30.1
A,PC,ED5-8,Y25-64,F,DE73,21.8,18.0,18.0,20.1,21.5,21.2,21.7,24.2,22.7,22.5,25.2,27.1
A,PC,ED5-8,Y25-64,F,DE80,29.8,25.8,26.3,27.2,27.8,27.3,28.3,29.9,28.7,27.0,27.6,30.5
A,PC,ED5-8,Y25-64,F,DE91,21.2,20.5,22.0,20.4,23.0,24.4,24.4,27.9,26.5,28.8,31.5,31.6
A,PC,ED5-8,Y25-64,F,DE92,24.8,21.9,22.4,22.1,23.2,24.5,25.6,26.0,27.3,28.0,28.9,31.1
A,PC,ED5-8,Y25-64,F,DE93,19.5,17.9,19.1,19.3,20.1,20.6,21.5,23.5,22.8,23.1,23.7,27.9
A,PC,ED5-8,Y25-64,F,DE94,19.6,17.3,17.1,16.8,17.4,18.8,19.5,23.3,24.3,25.7,24.5,26.1
A,PC,ED5-8,Y25-64,F,DEA1,21.7,20.1,21.0,23.0,22.9,23.2,23.6,26.4,26.2,26.9,27.9,28.4
A,PC,ED5-8,Y25-64,F,DEA2,26.5,25.1,25.4,27.7,27.4,28.3,28.9,31.1,32.5,33.1,35.4,35.4
A,PC,ED5-8,Y25-64,F,DEA3,22.0,18.1,20.1,20.6,20.1,21.0,21.8,22.3,23.3,24.0,25.0,26.0
A,PC,ED5-8,Y25-64,F,DEA4,21.3,17.8,19.0,19.2,19.3,20.5,20.9,23.2,24.6,24.3,26.2,29.3
A,PC,ED5-8,Y25-64,F,DEA5,19.0,16.6,17.8,19.1,19.3,19.3,20.1,23.1,23.9,23.4,24.7,23.8
A,PC,ED5-8,Y25-64,F,DEB1,18.4,16.1,16.7,18.5,19.5,21.1,22.1,23.0,23.6,24.4,25.2,26.8
A,PC,ED5-8,Y25-64,F,DEB2,24.3,20.6,20.3,22.1,23.1,23.8,24.9,28.4,25.2,27.1,27.8,27.3
A,PC,ED5-8,Y25-64,F,DEB3,24.1,21.7,22.7,24.0,23.2,24.9,26.1,28.5,28.2,28.5,30.6,33.3
A,PC,ED5-8,Y25-64,F,DEC0,18.2,14.5,15.7,18.0,18.7,20.9,21.6,23.7,23.5,23.4,22.9,24.6
A,PC,ED5-8,Y25-64,F,DED2,38.0,31.1,31.0,31.2,31.6,32.0,31.3,33.3,35.1,34.8,36.8,39.3
A,PC,ED5-8,Y25-64,F,DED4,33.1,24.0,24.9,24.5,24.5,25.0,25.5,27.6,26.5,27.1,25.3,27.0
A,PC,ED5-8,Y25-64,F,DED5,40.7,31.4,31.7,32.4,33.3,33.9,36.2,39.3,38.5,38.8,39.6,40.0
A,PC,ED5-8,Y25-64,F,DEE0,28.7,24.9,24.7,24.4,24.3,23.6,24.5,24.7,27.5,28.4,28.2,28.0
A,PC,ED5-8,Y25-64,F,DEF0,22.7,20.2,20.5,20.4,21.0,21.9,22.3,25.2,26.0,24.4,26.0,30.0
A,PC,ED5-8,Y25-64,F,DEG0,33.7,28.4,28.7,28.1,28.2,30.1,30.7,31.1,30.7,29.3,28.5,30.2
A,PC,ED5-8,Y25-64,F,DK01,51.2,51.4,52.1,53.5,55.1,56.5,56.6,56.3,58.9,58.8,60.5,61.8
A,PC,ED5-8,Y25-64,F,DK02,34.1,35.0,35.6,33.4,37.3,37.4,36.2,36.2,38.3,40.3,39.2,42.1
A,PC,ED5-8,Y25-64,F,DK03,33.9,33.7,35.5,35.3,37.1,37.5,39.3,39.4,40.6,42.6,42.4,45.4
A,PC,ED5-8,Y25-64,F,DK04,39.0,38.5,40.4,41.7,42.6,43.6,45.3,45.1,46.4,48.5,48.8,49.1
A,PC,ED5-8,Y25-64,F,DK05,33.1,31.6,34.3,35.2,36.8,38.2,39.0,39.1,41.3,41.2,41.7,44.4
A,PC,ED5-8,Y25-64,F,EA20,28.8,29.3,30.3,31.0,31.9,32.9,33.9,35.4,36.3,37.1,37.8,38.9
A,PC,ED5-8,Y25-64,F,EE00,46.0,46.2,46.0,47.1,48.2,49.2,49.7,50.3,52.0,53.5,52.8,53.4
A,PC,ED5-8,Y25-64,F,EL30,34.5,35.6,37.1,38.9,39.5,39.5,40.8,42.1,45.0,46.0,45.4,46.9
A,PC,ED5-8,Y25-64,F,EL41,23.4,24.6,24.4,25.5,25.7,27.6,28.0,31.0,29.6,26.9,26.6,27.0
A,PC,ED5-8,Y25-64,F,EL42,18.2,19.8,20.3,18.7,19.7,19.3,21.0,22.5,24.2,29.6,21.2,22.0
A,PC,ED5-8,Y25-64,F,EL43,22.7,23.6,25.3,29.8,30.4,28.0,28.5,29.3,28.5,31.7,32.4,32.6
A,PC,ED5-8,Y25-64,F,EL51,19.9,21.5,22.9,25.8,25.4,26.3,25.3,26.1,26.6,28.9,26.0,26.8
A,PC,ED5-8,Y25-64,F,EL52,27.9,28.5,30.8,33.8,34.1,33.7,34.0,34.8,36.2,36.0,36.2,40.2
A,PC,ED5-8,Y25-64,F,EL53,20.4,22.3,23.0,23.9,28.4,30.1,29.9,28.4,31.6,33.9,34.3,33.5
A,PC,ED5-8,Y25-64,F,EL54,26.1,25.4,27.0,29.9,32.7,37.7,34.5,34.5,34.1,35.8,43.7,44.4
A,PC,ED5-8,Y25-64,F,EL61,25.9,27.5,28.0,27.5,29.7,34.9,35.1,32.1,35.2,38.1,38.3,36.3
A,PC,ED5-8,Y25-64,F,EL62,16.3,18.3,21.7,22.6,21.1,24.7,25.8,25.7,20.9,19.5,25.2,21.8
A,PC,ED5-8,Y25-64,F,EL63,21.9,22.4,24.4,25.4,25.6,24.3,23.7,27.1,27.7,28.7,28.5,25.6
A,PC,ED5-8,Y25-64,F,EL64,18.8,19.2,21.7,23.4,25.1,25.3,24.6,27.3,25.4,24.1,19.7,21.6
A,PC,ED5-8,Y25-64,F,EL65,19.2,19.5,21.3,21.7,23.4,24.2,24.5,25.6,27.3,28.3,28.9,28.8
A,PC,ED5-8,Y25-64,F,ES11,34.7,36.3,38.1,39.3,40.1,40.4,41.3,44.2,45.6,47.0,46.1,47.0
A,PC,ED5-8,Y25-64,F,ES12,38.4,40.2,42.0,43.6,43.2,45.2,44.9,46.7,47.0,46.2,48.7,49.3
A,PC,ED5-8,Y25-64,F,ES13,38.5,39.7,40.1,42.9,42.8,44.4,45.5,45.6,47.0,48.8,53.3,52.4
A,PC,ED5-8,Y25-64,F,ES21,47.5,47.7,48.8,50.1,51.3,51.0,52.6,55.2,57.0,58.4,58.8,58.2
A,PC,ED5-8,Y25-64,F,ES22,41.9,44.3,44.2,47.1,48.7,50.0,50.7,52.6,52.4,51.1,52.6,54.4
A,PC,ED5-8,Y25-64,F,ES23,36.8,39.0,41.8,41.5,40.4,41.3,42.1,42.7,43.8,46.7,46.3,47.1
A,PC,ED5-8,Y25-64,F,ES24,37.6,38.6,38.2,39.1,38.6,40.9,42.3,43.3,44.5,46.1,45.7,44.6
A,PC,ED5-8,Y25-64,F,ES30,46.0,47.0,48.5,48.2,48.4,48.1,50.2,51.5,51.7,52.6,53.1,51.9
A,PC,ED5-8,Y25-64,F,ES41,36.6,38.3,39.0,39.1,40.1,40.7,42.8,43.1,45.1,44.9,45.9,47.5
A,PC,ED5-8,Y25-64,F,ES42,28.3,29.5,29.4,30.4,30.9,31.3,32.9,34.5,35.4,34.6,35.7,37.5
A,PC,ED5-8,Y25-64,F,ES43,27.4,29.1,29.4,28.7,28.9,30.7,31.6,31.6,33.8,37.2,39.7,39.6
A,PC,ED5-8,Y25-64,F,ES51,37.7,39.4,40.6,41.9,42.1,43.3,45.2,45.0,45.4,46.8,47.9,48.8
A,PC,ED5-8,Y25-64,F,ES52,31.7,33.0,34.8,35.3,36.3,39.5,40.5,41.1,41.0,40.5,42.0,41.5
A,PC,ED5-8,Y25-64,F,ES53,28.7,31.4,30.7,32.0,33.3,33.7,35.8,38.3,41.0,38.4,37.4,38.3
A,PC,ED5-8,Y25-64,F,ES61,28.7,29.5,30.3,31.4,32.0,32.5,33.4,35.4,37.3,38.3,38.9,39.8
A,PC,ED5-8,Y25-64,F,ES62,29.8,27.9,28.8,30.4,32.4,33.2,34.9,36.8,36.7,35.2,36.2,36.2
A,PC,ED5-8,Y25-64,F,ES63,27.2,24.0,28.1,28.8,23.7,29.6,26.3,28.6,28.1,27.0,24.3,39.8
A,PC,ED5-8,Y25-64,F,ES64,25.6,25.5,25.1,26.5,29.4,33.1,33.5,37.0,35.8,36.1,34.5,35.5
A,PC,ED5-8,Y25-64,F,ES70,29.3,29.8,28.9,31.3,31.6,32.6,34.9,37.7,39.5,40.7,39.0,39.0
A,PC,ED5-8,Y25-64,F,FI19,45.1,46.3,48.0,48.8,49.3,49.9,51.0,53.6,47.9,47.9,50.6,49.7
A,PC,ED5-8,Y25-64,F,FI1B,54.9,55.9,57.2,57.6,57.8,58.0,59.6,61.7,56.3,57.1,56.6,55.6
A,PC,ED5-8,Y25-64,F,FI1C,42.5,45.1,45.6,45.6,47.7,50.5,51.7,53.0,46.6,44.7,45.4,46.1
A,PC,ED5-8,Y25-64,F,FI1D,43.0,43.9,44.7,45.7,48.1,48.3,48.8,51.3,46.5,46.1,45.6,46.8
A,PC,ED5-8,Y25-64,F,FI20,35.3,33.7,31.8,35.6,36.3,42.3,41.2,48.9,47.8,42.6,,
A,PC,ED5-8,Y25-64,F,FR10,42.2,44.9,47.1,47.9,48.9,51.2,52.9,55.6,56.1,57.4,58.5,58.7
A,PC,ED5-8,Y25-64,F,FRB0,29.8,30.2,32.7,32.0,32.4,33.5,34.3,34.9,35.6,39.1,41.6,42.1
A,PC,ED5-8,Y25-64,F,FRC1,30.1,29.8,28.7,31.0,34.2,32.8,36.0,39.0,38.1,36.8,39.9,38.9
A,PC,ED5-8,Y25-64,F,FRC2,32.1,29.1,28.3,33.5,33.4,30.1,32.6,40.3,36.5,38.9,42.0,40.9
A,PC,ED5-8,Y25-64,F,FRD1,29.5,27.5,30.9,29.6,26.2,31.7,31.8,37.3,39.8,38.7,41.0,43.6
A,PC,ED5-8,Y25-64,F,FRD2,27.3,28.1,31.8,29.9,29.1,30.5,32.5,33.9,36.5,38.7,38.6,40.7
A,PC,ED5-8,Y25-64,F,FRE1,28.8,31.0,30.0,30.9,32.5,33.3,35.0,35.1,39.1,36.7,37.1,40.5
A,PC,ED5-8,Y25-64,F,FRE2,23.2,23.6,26.5,24.8,26.0,30.2,30.7,35.3,33.3,33.2,35.3,37.1
A,PC,ED5-8,Y25-64,F,FRF1,30.5,31.1,34.8,37.0,33.8,34.3,38.0,42.2,40.0,43.4,47.4,48.6
A,PC,ED5-8,Y25-64,F,FRF2,26.2,24.8,24.5,23.8,26.3,29.2,28.5,26.8,33.8,32.1,32.5,38.7
A,PC,ED5-8,Y25-64,F,FRF3,29.2,29.9,32.3,32.4,31.3,29.5,33.8,32.9,31.9,31.8,34.7,35.7
A,PC,ED5-8,Y25-64,F,FRG0,30.5,32.3,34.3,34.2,36.1,37.8,37.4,38.5,42.6,43.5,41.8,43.7
A,PC,ED5-8,Y25-64,F,FRH0,36.4,37.2,36.0,36.9,37.9,41.2,41.4,42.3,43.6,45.9,44.7,43.8
A,PC,ED5-8,Y25-64,F,FRI1,31.4,35.9,37.8,35.5,37.5,37.9,39.6,40.6,43.9,45.5,45.4,45.8
A,PC,ED5-8,Y25-64,F,FRI2,32.0,31.1,33.0,37.5,34.6,34.5,37.4,39.6,41.5,41.3,45.1,41.9
A,PC,ED5-8,Y25-64,F,FRI3,25.2,26.9,28.8,31.3,33.4,33.9,33.6,35.5,35.7,39.9,39.2,40.4
A,PC,ED5-8,Y25-64,F,FRJ1,31.9,34.4,33.8,34.2,35.2,37.8,38.0,44.2,41.2,41.7,42.8,45.4
A,PC,ED5-8,Y25-64,F,FRJ2,42.5,43.5,43.9,41.5,40.1,46.8,46.1,45.1,46.8,47.5,50.7,52.5
A,PC,ED5-8,Y25-64,F,FRK1,31.3,30.3,32.5,34.7,30.6,34.7,38.7,35.8,34.1,38.2,40.4,41.7
A,PC,ED5-8,Y25-64,F,FRK2,36.5,39.7,39.8,40.8,42.5,44.2,44.8,46.0,48.1,50.7,50.6,50.2
A,PC,ED5-8,Y25-64,F,FRL0,35.3,38.4,38.1,37.6,39.1,41.2,41.5,44.0,44.2,44.0,45.0,46.2
A,PC,ED5-8,Y25-64,F,FRM0,26.5,28.2,25.7,44.2,37.6,32.2,31.4,43.6,28.9,38.4,37.6,30.6
A,PC,ED5-8,Y25-64,F,FRY1,,20.1,23.5,23.8,23.8,23.7,28.6,27.3,26.0,28.4,30.5,31.7
A,PC,ED5-8,Y25-64,F,FRY2,,25.8,28.6,27.0,26.2,29.2,30.0,31.2,34.9,34.4,33.1,34.8
A,PC,ED5-8,Y25-64,F,FRY3,,17.8,20.2,18.9,19.8,20.6,21.4,17.4,19.7,22.6,25.0,21.4
A,PC,ED5-8,Y25-64,F,FRY4,,21.4,22.3,22.8,23.6,24.8,23.2,25.0,26.5,25.4,26.1,25.6
A,PC,ED5-8,Y25-64,F,HR02,,,,18.2,17.0,16.5,17.3,19.5,20.6,19.7,19.7,21.4
A,PC,ED5-8,Y25-64,F,HR03,23.3,25.2,27.7,25.8,26.5,29.9,31.4,31.1,29.7,29.7,34.6,36.9
A,PC,ED5-8,Y25-64,F,HR04,22.8,23.1,24.5,,,,,,,,,
A,PC,ED5-8,Y25-64,F,HR05,,,,39.3,43.0,45.7,46.5,48.0,47.0,47.7,52.9,58.1
A,PC,ED5-8,Y25-64,F,HR06,,,,20.7,22.0,22.5,21.1,20.4,22.2,25.6,26.8,28.6
A,PC,ED5-8,Y25-64,F,HU11,41.4,43.9,46.5,42.7,41.9,46.8,50.3,52.4,58.0,58.8,59.9,63.6
A,PC,ED5-8,Y25-64,F,HU12,25.7,27.2,29.0,29.9,30.6,29.8,32.1,34.8,38.1,37.5,39.1,40.2
A,PC,ED5-8,Y25-64,F,HU21,22.4,21.2,22.3,22.0,22.6,22.4,24.3,25.9,27.6,27.5,28.5,28.6
A,PC,ED5-8,Y25-64,F,HU22,21.1,22.0,22.2,22.1,23.4,23.8,26.9,29.6,30.7,27.4,27.9,30.7
A,PC,ED5-8,Y25-64,F,HU23,22.2,21.4,22.7,22.5,21.5,22.5,24.0,24.2,25.0,27.0,27.8,27.9
A,PC,ED5-8,Y25-64,F,HU31,20.2,20.4,20.5,20.7,21.4,20.9,21.1,20.7,23.8,24.1,24.3,25.9
A,PC,ED5-8,Y25-64,F,HU32,20.8,21.4,21.2,20.9,21.3,23.2,23.3,22.8,24.3,25.3,26.5,27.2
A,PC,ED5-8,Y25-64,F,HU33,21.3,22.1,22.2,23.6,23.4,25.4,26.3,26.5,27.1,27.7,27.1,28.7
A,PC,ED5-8,Y25-64,F,IE04,45.0,45.0,46.7,46.9,48.0,47.4,48.6,51.9,54.8,54.9,57.6,59.7
A,PC,ED5-8,Y25-64,F,IE05,44.0,43.2,44.9,45.9,47.1,47.5,48.2,50.6,54.6,55.9,55.3,58.9
A,PC,ED5-8,Y25-64,F,IE06,48.1,50.3,51.4,51.9,52.7,53.7,53.5,55.7,59.2,59.3,60.2,62.3
A,PC,ED5-8,Y25-64,F,IS00,42.5,43.5,46.5,48.2,50.6,52.9,53.5,51.0,51.0,53.9,54.7,58.1
A,PC,ED5-8,Y25-64,F,ITC1,17.8,17.6,18.6,19.0,20.7,22.3,21.4,22.2,22.9,22.6,23.7,24.7
A,PC,ED5-8,Y25-64,F,ITC2,18.7,18.0,18.5,19.2,22.2,23.5,23.7,23.3,23.2,23.7,25.7,26.3
A,PC,ED5-8,Y25-64,F,ITC3,21.6,22.1,22.4,22.4,23.4,25.9,25.2,24.6,25.0,25.6,27.5,27.7
A,PC,ED5-8,Y25-64,F,ITC4,18.8,19.7,21.5,21.8,23.5,24.0,24.0,24.7,24.8,25.0,26.6,27.6
A,PC,ED5-8,Y25-64,F,ITF1,20.5,18.8,19.8,20.2,21.6,22.1,24.1,24.1,25.9,26.4,27.1,27.7
A,PC,ED5-8,Y25-64,F,ITF2,20.5,20.7,21.0,21.6,23.0,22.4,21.2,22.3,22.5,21.7,24.4,27.7
A,PC,ED5-8,Y25-64,F,ITF3,15.3,15.6,16.3,16.7,17.4,17.9,18.2,18.2,18.8,19.1,19.9,21.2
A,PC,ED5-8,Y25-64,F,ITF4,14.1,15.2,15.1,15.5,16.1,16.8,17.5,18.0,18.1,19.0,20.7,21.1
A,PC,ED5-8,Y25-64,F,ITF5,17.3,17.3,18.3,18.9,18.9,18.7,19.7,19.7,20.8,21.6,24.1,24.4
A,PC,ED5-8,Y25-64,F,ITF6,15.5,17.6,18.3,17.2,17.6,17.8,18.8,18.7,18.3,18.5,21.0,23.0
A,PC,ED5-8,Y25-64,F,ITG1,14.6,14.4,14.5,14.7,15.3,15.7,16.0,16.4,16.7,17.2,18.3,20.0
A,PC,ED5-8,Y25-64,F,ITG2,16.9,15.7,17.8,18.7,20.2,19.4,20.8,22.3,22.3,22.9,22.5,22.7
A,PC,ED5-8,Y25-64,F,ITH1,16.8,18.0,19.5,19.4,19.0,20.7,20.0,21.1,20.6,21.6,23.1,22.8
A,PC,ED5-8,Y25-64,F,ITH2,18.7,20.4,21.6,21.2,23.3,24.5,25.0,25.8,25.0,25.2,27.3,27.7
A,PC,ED5-8,Y25-64,F,ITH3,17.1,17.8,18.8,19.0,21.4,22.3,22.8,22.8,22.6,23.0,24.4,25.9
A,PC,ED5-8,Y25-64,F,ITH4,19.1,18.6,19.6,19.4,23.0,23.7,23.8,24.9,25.6,26.3,27.0,28.4
A,PC,ED5-8,Y25-64,F,ITH5,20.6,21.1,23.1,23.8,24.1,25.2,26.5,27.1,27.5,26.8,28.0,29.5
A,PC,ED5-8,Y25-64,F,ITI1,19.3,19.4,21.4,22.9,23.6,24.8,24.3,24.1,24.1,25.6,26.5,27.0
A,PC,ED5-8,Y25-64,F,ITI2,23.6,23.7,22.6,23.1,24.5,23.5,26.3,27.9,27.5,26.1,27.3,29.7
A,PC,ED5-8,Y25-64,F,ITI3,21.1,22.0,22.0,22.9,24.4,23.6,24.4,25.3,26.2,28.3,28.1,28.0
A,PC,ED5-8,Y25-64,F,ITI4,22.9,25.7,25.6,25.3,28.1,28.8,29.4,29.7,28.8,29.9,32.0,32.4
A,PC,ED5-8,Y25-64,F,LT01,50.9,52.0,55.8,57.9,59.2,60.3,63.1,66.1,65.9,67.7,67.5,68.9
A,PC,ED5-8,Y25-64,F,LT02,37.7,38.8,41.0,42.4,42.1,43.8,45.1,44.6,46.1,47.9,48.6,50.0
A,PC,ED5-8,Y25-64,F,LU00,39.4,44.0,41.1,42.4,41.0,45.2,48.0,47.8,51.8,53.6,53.0,56.2
A,PC,ED5-8,Y25-64,F,LV00,38.2,37.8,40.1,41.9,42.1,42.3,43.7,46.3,48.2,48.9,48.0,49.7
A,PC,ED5-8,Y25-64,F,ME00,21.7,25.3,24.7,26.8,27.6,26.7,28.2,28.3,,,,
A,PC,ED5-8,Y25-64,F,MK00,18.1,19.0,20.4,22.3,22.6,22.3,23.0,25.1,,,,
A,PC,ED5-8,Y25-64,F,MT00,20.1,21.2,23.0,23.0,24.0,28.5,32.2,32.9,35.1,34.5,37.4,41.1
A,PC,ED5-8,Y25-64,F,NL11,35.1,34.0,34.5,38.7,37.6,38.7,41.0,43.8,40.9,43.2,45.0,48.6
A,PC,ED5-8,Y25-64,F,NL12,29.5,28.4,27.4,29.2,31.1,34.5,35.3,36.8,36.0,37.5,42.0,40.3
A,PC,ED5-8,Y25-64,F,NL13,27.1,27.3,28.8,26.8,29.3,31.5,33.6,34.5,37.1,40.1,38.8,36.4
A,PC,ED5-8,Y25-64,F,NL21,29.2,30.8,30.9,32.4,35.7,34.2,33.5,38.6,39.3,41.3,41.4,41.5
A,PC,ED5-8,Y25-64,F,NL22,32.5,33.8,34.2,33.7,35.0,36.0,37.8,38.5,43.9,44.0,44.1,45.2
A,PC,ED5-8,Y25-64,F,NL23,27.2,27.7,27.9,30.7,35.0,30.7,33.7,34.9,36.4,35.9,39.4,37.9
A,PC,ED5-8,Y25-64,F,NL31,44.0,45.9,47.7,47.5,49.2,51.4,53.2,57.2,54.4,57.8,,
A,PC,ED5-8,Y25-64,F,NL32,38.5,40.4,42.0,43.1,45.8,47.5,50.1,51.3,52.0,53.8,53.0,53.7
A,PC,ED5-8,Y25-64,F,NL33,33.0,33.0,34.9,36.2,36.9,38.7,40.9,44.3,45.5,47.0,,
A,PC,ED5-8,Y25-64,F,NL34,24.0,24.8,24.7,26.0,27.1,27.6,28.9,32.3,29.5,32.3,31.2,32.5
A,PC,ED5-8,Y25-64,F,NL35,,,,,,,,,,,59.0,58.5
A,PC,ED5-8,Y25-64,F,NL36,,,,,,,,,,,46.3,47.3
A,PC,ED5-8,Y25-64,F,NL41,31.0,32.4,32.1,33.6,34.2,35.9,37.3,40.8,38.0,41.7,43.0,44.8
A,PC,ED5-8,Y25-64,F,NL42,23.8,25.9,27.6,27.1,29.9,31.0,33.8,34.5,36.9,37.9,37.2,36.9
A,PC,ED5-8,Y25-64,F,NO01,55.1,56.2,57.3,,,,,,,,,
A,PC,ED5-8,Y25-64,F,NO02,36.8,40.6,39.4,41.6,42.0,39.5,38.5,43.9,47.6,47.8,49.8,50.7
A,PC,ED5-8,Y25-64,F,NO03,38.7,40.0,40.8,,,,,,,,,
A,PC,ED5-8,Y25-64,F,NO04,41.9,42.3,42.6,,,,,,,,,
A,PC,ED5-8,Y25-64,F,NO05,44.3,46.5,47.8,,,,,,,,,
A,PC,ED5-8,Y25-64,F,NO06,43.0,45.2,50.5,50.7,49.6,49.0,49.7,52.6,55.9,56.7,56.4,57.4
A,PC,ED5-8,Y25-64,F,NO07,45.3,46.7,45.1,46.5,46.4,45.8,45.9,48.8,48.0,50.4,53.1,53.3
A,PC,ED5-8,Y25-64,F,NO08,,,,52.8,52.2,52.4,53.8,54.8,55.8,56.1,59.2,61.2
A,PC,ED5-8,Y25-64,F,NO09,,,,39.6,41.2,41.9,44.5,45.0,48.1,49.0,46.7,46.1
A,PC,ED5-8,Y25-64,F,NO0A,,,,46.7,46.4,48.4,49.4,52.1,53.2,54.5,55.4,56.5
A,PC,ED5-8,Y25-64,F,PL21,31.2,31.7,34.1,35.9,38.6,38.9,39.7,40.0,42.4,42.8,47.8,49.7
A,PC,ED5-8,Y25-64,F,PL22,28.6,28.9,29.6,32.2,33.1,34.7,36.3,36.2,36.9,38.6,42.6,43.7
A,PC,ED5-8,Y25-64,F,PL41,27.1,28.9,30.5,30.9,29.9,31.4,33.8,34.5,34.4,35.0,40.1,41.2
A,PC,ED5-8,Y25-64,F,PL42,26.4,27.1,28.5,30.6,31.9,34.4,35.3,35.9,35.7,37.9,42.4,47.1
A,PC,ED5-8,Y25-64,F,PL43,23.6,26.3,26.3,27.0,28.1,29.2,30.9,34.6,34.8,33.8,36.5,37.0
A,PC,ED5-8,Y25-64,F,PL51,28.1,30.8,32.0,33.4,35.0,37.5,39.6,41.7,42.1,42.1,43.2,46.3
A,PC,ED5-8,Y25-64,F,PL52,24.8,27.6,28.9,29.2,30.9,31.6,31.9,32.9,33.4,34.4,36.1,40.5
A,PC,ED5-8,Y25-64,F,PL61,23.9,23.6,25.1,27.6,29.4,29.6,29.0,30.8,32.5,32.0,36.2,37.0
A,PC,ED5-8,Y25-64,F,PL62,25.3,26.3,26.9,27.8,29.0,28.4,28.3,29.6,32.5,35.8,38.2,37.6
A,PC,ED5-8,Y25-64,F,PL63,30.2,30.2,32.6,34.3,37.5,37.5,39.1,40.9,40.7,45.6,49.4,48.8
A,PC,ED5-8,Y25-64,F,PL71,28.2,29.8,31.8,32.7,33.5,35.3,35.0,36.9,37.3,37.2,41.4,43.0
A,PC,ED5-8,Y25-64,F,PL72,32.3,31.8,30.8,33.5,35.7,36.9,37.7,39.6,39.0,39.4,42.6,45.0
A,PC,ED5-8,Y25-64,F,PL81,30.9,32.6,32.8,33.1,32.9,34.9,38.3,40.8,38.8,38.2,42.8,44.2
A,PC,ED5-8,Y25-64,F,PL82,27.4,28.6,29.9,33.2,34.1,33.8,35.2,35.9,35.9,36.4,39.1,39.3
A,PC,ED5-8,Y25-64,F,PL84,32.2,34.4,34.1,35.8,37.4,39.1,40.0,38.8,41.3,42.8,44.6,45.8
A,PC,ED5-8,Y25-64,F,PL91,51.2,55.2,57.3,58.3,60.9,63.2,62.7,64.1,63.7,63.6,67.9,70.9
A,PC,ED5-8,Y25-64,F,PL92,25.9,27.2,26.8,27.8,29.7,30.1,32.3,32.9,35.3,36.6,41.0,40.1
A,PC,ED5-8,Y25-64,F,PT11,19.4,21.8,22.1,23.8,24.3,26.0,27.1,27.6,29.5,30.2,30.2,33.3
A,PC,ED5-8,Y25-64,F,PT15,22.4,23.0,24.6,25.4,26.6,28.0,26.3,30.0,32.3,31.4,30.8,31.5
A,PC,ED5-8,Y25-64,F,PT16,20.9,24.7,25.5,26.8,27.0,30.2,,,,,,
A,PC,ED5-8,Y25-64,F,PT17,31.3,34.9,37.0,36.9,38.0,37.5,,,,,,
A,PC,ED5-8,Y25-64,F,PT18,20.4,21.9,23.1,23.2,23.0,24.9,,,,,,
A,PC,ED5-8,Y25-64,F,PT19,,,,,,,31.5,34.0,35.3,36.2,33.9,35.2
A,PC,ED5-8,Y25-64,F,PT1A,,,,,,,41.2,44.2,47.5,47.2,46.2,47.9
A,PC,ED5-8,Y25-64,F,PT1B,,,,,,,33.2,34.1,35.8,36.9,39.5,40.5
A,PC,ED5-8,Y25-64,F,PT1C,,,,,,,24.4,26.4,26.6,28.1,27.1,31.0
A,PC,ED5-8,Y25-64,F,PT1D,,,,,,,27.6,25.5,26.4,26.4,28.7,30.6
A,PC,ED5-8,Y25-64,F,PT20,16.2,17.1,17.6,18.6,19.2,19.0,17.9,20.9,21.5,22.0,21.9,22.2
A,PC,ED5-8,Y25-64,F,PT30,19.6,19.9,21.6,23.3,24.9,25.1,25.6,26.7,29.8,27.4,26.0,27.7
A,PC,ED5-8,Y25-64,F,RO11,14.2,14.3,17.9,18.5,18.7,19.2,20.2,21.4,21.0,20.4,19.6,20.6
A,PC,ED5-8,Y25-64,F,RO12,14.1,14.9,18.6,18.2,18.4,19.2,20.1,18.6,18.0,20.6,20.0,20.4
A,PC,ED5-8,Y25-64,F,RO21,12.4,12.5,12.2,12.3,13.0,13.8,12.7,13.2,13.8,15.5,14.9,14.3
A,PC,ED5-8,Y25-64,F,RO22,13.6,12.6,13.7,13.7,14.1,14.3,15.0,13.6,13.9,15.7,15.7,16.0
A,PC,ED5-8,Y25-64,F,RO31,11.9,11.8,13.3,13.9,14.3,13.7,14.2,14.6,15.6,15.1,13.8,15.2
A,PC,ED5-8,Y25-64,F,RO32,34.6,36.4,33.8,35.6,37.3,38.9,41.0,41.2,43.4,44.4,41.9,44.6
A,PC,ED5-8,Y25-64,F,RO41,14.5,15.3,17.7,17.7,16.8,15.5,15.9,17.6,18.5,19.6,18.5,17.7
A,PC,ED5-8,Y25-64,F,RO42,13.1,13.0,16.5,15.6,16.0,15.9,16.6,17.6,16.4,19.0,20.5,20.9
A,PC,ED5-8,Y25-64,F,RS11,33.7,36.3,37.1,38.1,39.3,40.4,41.8,42.3,44.3,46.0,46.5,49.6
A,PC,ED5-8,Y25-64,F,RS12,17.7,21.5,21.1,22.7,22.5,23.3,23.1,24.5,26.7,25.2,26.8,28.6
A,PC,ED5-8,Y25-64,F,RS21,16.1,16.6,17.9,19.2,18.8,20.3,21.0,20.4,20.6,20.9,22.7,24.9
A,PC,ED5-8,Y25-64,F,RS22,16.7,15.6,19.2,20.1,20.2,20.8,21.0,22.0,22.1,23.5,24.8,25.5
A,PC,ED5-8,Y25-64,F,SE11,50.3,52.2,53.0,54.6,55.1,56.5,57.7,58.6,60.8,63.6,64.1,64.3
A,PC,ED5-8,Y25-64,F,SE12,41.2,42.7,44.7,46.8,47.4,48.8,51.0,50.3,51.6,52.7,52.9,55.0
A,PC,ED5-8,Y25-64,F,SE21,35.9,38.5,41.8,42.6,41.8,44.0,45.8,46.8,48.4,51.1,52.8,52.3
A,PC,ED5-8,Y25-64,F,SE22,43.8,44.7,46.8,48.5,50.6,51.9,53.4,52.4,53.9,54.7,56.0,59.5
A,PC,ED5-8,Y25-64,F,SE23,42.5,45.4,46.5,46.7,46.8,49.6,49.2,50.8,53.7,56.8,55.8,58.3
A,PC,ED5-8,Y25-64,F,SE31,34.9,36.3,39.0,40.7,41.2,43.5,43.5,45.8,46.7,49.7,52.7,53.8
A,PC,ED5-8,Y25-64,F,SE32,39.3,40.1,41.7,42.4,43.0,44.0,44.2,46.6,50.3,53.8,53.2,49.4
A,PC,ED5-8,Y25-64,F,SE33,41.9,45.4,46.9,48.5,48.1,48.1,51.0,52.9,53.9,51.9,53.3,57.8
A,PC,ED5-8,Y25-64,F,SI03,28.9,29.4,31.4,33.2,34.9,34.0,35.3,37.6,42.4,43.8,38.0,38.8
A,PC,ED5-8,Y25-64,F,SI04,38.4,39.4,42.7,42.5,44.5,44.4,45.8,49.1,53.9,53.2,47.4,48.7
A,PC,ED5-8,Y25-64,F,SK01,39.6,41.0,40.0,41.8,47.0,49.4,51.2,50.5,52.0,53.4,57.2,56.7
A,PC,ED5-8,Y25-64,F,SK02,18.3,17.4,20.1,23.1,23.6,23.0,25.5,26.6,29.4,30.1,28.3,29.3
A,PC,ED5-8,Y25-64,F,SK03,21.4,20.8,22.3,22.6,23.0,25.9,28.5,28.8,30.2,33.1,30.8,32.9
A,PC,ED5-8,Y25-64,F,SK04,19.0,22.1,22.9,22.3,23.8,27.0,26.9,31.5,32.3,31.9,29.3,29.7
A,PC,ED5-8,Y25-64,F,TR10,17.4,17.7,19.6,21.4,22.7,23.4,24.3,26.2,27.5,28.3,30.4,32.0
A,PC,ED5-8,Y25-64,F,TR21,11.7,11.1,12.3,13.4,15.7,16.7,17.6,21.9,20.1,19.7,22.7,23.8
A,PC,ED5-8,Y25-64,F,TR22,10.2,13.9,14.1,14.7,15.4,16.2,19.1,19.5,19.4,21.4,23.7,24.4
A,PC,ED5-8,Y25-64,F,TR31,17.6,17.8,19.2,20.2,22.3,24.8,24.3,24.3,27.8,28.1,30.2,32.4
A,PC,ED5-8,Y25-64,F,TR32,9.8,11.9,14.7,15.2,16.4,17.5,18.8,21.4,23.1,24.2,24.6,26.1
A,PC,ED5-8,Y25-64,F,TR33,6.1,8.0,9.3,10.9,11.5,13.0,14.0,13.6,14.3,16.0,16.2,17.8
A,PC,ED5-8,Y25-64,F,TR41,13.1,12.9,14.4,15.7,17.5,18.4,18.4,19.5,23.0,24.4,24.4,25.0
A,PC,ED5-8,Y25-64,F,TR42,13.1,12.0,13.5,14.6,14.6,15.1,16.4,18.9,19.6,20.1,23.3,26.3
A,PC,ED5-8,Y25-64,F,TR51,23.5,23.8,24.3,26.8,26.7,27.3,29.5,30.6,31.4,31.9,32.4,33.9
A,PC,ED5-8,Y25-64,F,TR52,7.4,9.3,10.3,10.6,10.9,11.7,12.9,15.2,16.2,16.4,19.5,21.6
A,PC,ED5-8,Y25-64,F,TR61,13.1,14.6,16.2,18.0,18.5,19.2,21.4,23.8,23.8,25.9,27.5,28.1
A,PC,ED5-8,Y25-64,F,TR62,10.3,11.8,12.7,13.4,14.5,15.4,15.8,18.1,19.8,20.1,19.9,21.2
A,PC,ED5-8,Y25-64,F,TR63,5.7,6.6,8.0,10.1,9.4,9.5,11.8,15.6,16.9,17.9,18.2,18.0
A,PC,ED5-8,Y25-64,F,TR71,9.7,8.8,10.3,9.7,11.7,12.5,12.7,15.4,16.0,18.0,18.1,17.9
A,PC,ED5-8,Y25-64,F,TR72,11.0,9.2,10.0,11.5,12.0,13.0,13.4,15.6,18.5,19.9,20.5,20.9
A,PC,ED5-8,Y25-64,F,TR81,6.8,8.1,8.6,8.7,8.9,11.8,15.1,16.8,17.3,17.9,18.2,18.2
A,PC,ED5-8,Y25-64,F,TR82,7.4,7.7,9.1,9.0,11.3,13.7,14.6,14.3,15.9,18.6,16.2,15.0
A,PC,ED5-8,Y25-64,F,TR83,6.9,9.6,10.5,10.6,11.9,12.8,13.2,15.4,16.0,17.2,19.0,20.0
A,PC,ED5-8,Y25-64,F,TR90,8.4,9.8,11.9,14.1,14.5,14.3,15.4,17.8,19.1,20.2,20.2,19.4
A,PC,ED5-8,Y25-64,F,TRA1,9.0,6.6,7.1,9.5,11.3,12.6,15.8,16.1,17.3,16.4,19.7,21.9
A,PC,ED5-8,Y25-64,F,TRA2,6.1,4.9,6.9,5.9,6.1,7.1,8.8,12.4,13.4,12.6,13.2,14.2
A,PC,ED5-8,Y25-64,F,TRB1,7.8,10.3,11.1,15.1,14.9,14.6,17.2,18.8,19.3,18.5,18.1,19.3
A,PC,ED5-8,Y25-64,F,TRB2,4.1,3.2,3.9,4.5,4.0,6.2,9.5,10.6,9.9,9.8,9.9,11.1
A,PC,ED5-8,Y25-64,F,TRC1,7.9,7.9,10.5,12.1,11.0,11.1,11.4,13.3,14.7,16.8,17.3,17.4
A,PC,ED5-8,Y25-64,F,TRC2,3.9,3.7,4.7,6.0,8.5,9.1,9.4,10.7,11.8,12.8,12.5,11.3
A,PC,ED5-8,Y25-64,F,TRC3,3.9,3.3,5.1,6.3,6.2,8.0,8.3,10.4,11.5,11.8,12.2,13.2
A,PC,ED5-8,Y25-64,F,UKC1,28.0,31.8,36.3,35.6,35.1,34.8,34.6,,,,,
A,PC,ED5-8,Y25-64,F,UKC2,33.8,34.5,37.5,39.5,39.4,36.8,39.9,,,,,
A,PC,ED5-8,Y25-64,F,UKD1,36.5,37.1,38.5,39.6,35.3,40.9,41.5,,,,,
A,PC,ED5-8,Y25-64,F,UKD3,36.9,37.8,40.0,40.5,39.7,41.1,42.6,,,,,
A,PC,ED5-8,Y25-64,F,UKD4,35.7,36.2,35.7,38.0,39.4,40.4,38.8,,,,,
A,PC,ED5-8,Y25-64,F,UKD6,40.8,46.2,47.8,50.1,50.7,47.4,47.9,,,,,
A,PC,ED5-8,Y25-64,F,UKD7,31.7,32.6,37.9,38.4,36.8,40.9,41.4,,,,,
A,PC,ED5-8,Y25-64,F,UKE1,29.6,30.9,33.1,36.3,35.7,33.7,33.5,,,,,
A,PC,ED5-8,Y25-64,F,UKE2,46.5,47.6,47.3,43.4,44.9,49.6,42.6,,,,,
A,PC,ED5-8,Y25-64,F,UKE3,30.9,31.7,34.9,35.7,36.6,42.7,40.0,,,,,
A,PC,ED5-8,Y25-64,F,UKE4,37.3,35.5,37.5,35.6,38.8,40.9,40.8,,,,,
A,PC,ED5-8,Y25-64,F,UKF1,36.8,35.2,39.2,38.5,37.3,39.7,42.2,,,,,
A,PC,ED5-8,Y25-64,F,UKF2,39.0,37.4,37.2,39.2,40.7,40.4,41.9,,,,,
A,PC,ED5-8,Y25-64,F,UKF3,32.4,34.1,32.2,31.8,32.6,38.5,37.4,,,,,
A,PC,ED5-8,Y25-64,F,UKG1,42.3,41.3,45.7,44.6,42.9,47.5,46.5,,,,,
A,PC,ED5-8,Y25-64,F,UKG2,33.6,34.6,37.8,35.8,38.5,40.4,44.7,,,,,
A,PC,ED5-8,Y25-64,F,UKG3,31.3,31.1,32.5,32.9,34.5,34.9,35.5,,,,,
A,PC,ED5-8,Y25-64,F,UKH1,38.3,39.2,36.5,38.1,39.8,39.2,40.5,,,,,
A,PC,ED5-8,Y25-64,F,UKH2,42.1,44.9,45.4,44.4,45.7,47.7,48.3,,,,,
A,PC,ED5-8,Y25-64,F,UKH3,33.5,32.3,32.9,35.3,35.2,36.4,40.8,,,,,
A,PC,ED5-8,Y25-64,F,UKI3,69.3,70.7,67.1,73.4,69.4,69.2,71.9,,,,,
A,PC,ED5-8,Y25-64,F,UKI4,56.7,53.8,55.6,58.1,58.4,61.1,62.0,,,,,
A,PC,ED5-8,Y25-64,F,UKI5,44.6,43.2,44.0,47.3,46.6,47.4,48.2,,,,,
A,PC,ED5-8,Y25-64,F,UKI6,51.6,52.7,55.2,54.8,56.2,53.3,57.4,,,,,
A,PC,ED5-8,Y25-64,F,UKI7,50.3,53.5,55.4,54.6,55.6,56.3,59.5,,,,,
A,PC,ED5-8,Y25-64,F,UKJ1,49.0,49.9,53.2,53.1,55.7,53.4,53.9,,,,,
A,PC,ED5-8,Y25-64,F,UKJ2,45.3,46.1,47.5,48.2,53.1,53.5,55.5,,,,,
A,PC,ED5-8,Y25-64,F,UKJ3,42.1,43.9,41.8,41.4,43.8,46.3,48.0,,,,,
A,PC,ED5-8,Y25-64,F,UKJ4,36.9,40.3,37.4,42.6,39.3,41.8,47.1,,,,,
A,PC,ED5-8,Y25-64,F,UKK1,43.0,45.9,46.2,46.6,49.5,47.2,47.0,,,,,
A,PC,ED5-8,Y25-64,F,UKK2,41.1,38.4,41.4,40.9,41.4,40.7,42.2,,,,,
A,PC,ED5-8,Y25-64,F,UKK3,37.2,41.5,37.4,38.7,45.5,46.6,46.8,,,,,
A,PC,ED5-8,Y25-64,F,UKK4,39.3,39.8,42.4,43.9,43.7,45.9,45.1,,,,,
A,PC,ED5-8,Y25-64,F,UKL1,35.3,36.3,38.8,38.9,37.9,41.5,43.5,,,,,
A,PC,ED5-8,Y25-64,F,UKL2,42.1,45.5,43.7,43.6,44.6,44.6,49.4,,,,,
A,PC,ED5-8,Y25-64,F,UKM5,44.0,50.1,56.0,54.3,46.8,54.4,58.5,,,,,
A,PC,ED5-8,Y25-64,F,UKM6,48.8,48.1,51.0,51.1,49.0,45.6,53.9,,,,,
A,PC,ED5-8,Y25-64,F,UKM7,51.4,55.0,53.7,53.7,55.1,55.2,55.6,,,,,
A,PC,ED5-8,Y25-64,F,UKM8,45.1,47.6,49.3,49.9,49.5,48.4,52.8,,,,,
A,PC,ED5-8,Y25-64,F,UKM9,40.8,43.5,46.4,43.4,47.5,48.6,50.6,,,,,
A,PC,ED5-8,Y25-64,F,UKN0,34.7,36.8,36.7,37.0,37.1,40.4,44.3,,,,,
A,PC,ED5-8,Y25-64,M,AT11,17.3,26.5,30.3,28.6,27.7,28.5,31.0,33.8,31.4,31.0,32.3,33.8
A,PC,ED5-8,Y25-64,M,AT12,19.6,30.5,32.6,31.6,32.9,33.6,32.9,32.8,34.0,34.8,35.8,37.3
A,PC,ED5-8,Y25-64,M,AT13,30.4,37.9,39.3,38.6,40.6,41.1,40.8,40.6,42.8,44.2,45.2,43.7
A,PC,ED5-8,Y25-64,M,AT21,17.5,28.0,28.5,30.6,29.3,30.6,29.5,31.4,32.5,32.4,33.1,34.0
A,PC,ED5-8,Y25-64,M,AT22,19.5,26.9,28.9,27.7,27.8,29.6,31.1,30.7,30.3,32.8,32.3,33.3
A,PC,ED5-8,Y25-64,M,AT31,20.5,30.1,29.5,30.7,31.6,31.9,34.3,33.9,31.9,33.6,34.0,35.7
A,PC,ED5-8,Y25-64,M,AT32,24.2,31.9,31.1,34.0,34.3,33.0,33.3,32.8,34.3,33.3,35.8,34.8
A,PC,ED5-8,Y25-64,M,AT33,20.9,30.2,28.1,30.1,29.8,31.7,31.8,34.1,31.5,32.7,32.2,32.1
A,PC,ED5-8,Y25-64,M,AT34,23.5,29.7,28.8,29.8,29.7,29.9,31.3,31.7,30.5,31.7,30.5,31.0
A,PC,ED5-8,Y25-64,M,BE10,39.6,42.0,42.0,41.8,45.6,45.9,44.9,47.3,50.4,51.5,52.1,53.1
A,PC,ED5-8,Y25-64,M,BE21,32.8,35.3,34.8,32.1,35.7,36.7,35.9,36.6,39.4,42.0,40.9,40.4
A,PC,ED5-8,Y25-64,M,BE22,25.7,26.7,27.6,29.3,31.8,31.0,31.1,32.3,35.1,39.4,36.1,33.3
A,PC,ED5-8,Y25-64,M,BE23,34.2,34.4,33.6,35.6,38.3,38.7,37.4,39.4,44.7,45.1,42.3,44.7
A,PC,ED5-8,Y25-64,M,BE24,41.5,42.5,42.1,43.6,47.7,44.9,44.9,47.9,48.3,47.0,45.9,47.9
A,PC,ED5-8,Y25-64,M,BE25,30.3,30.0,29.6,31.2,32.9,32.5,32.8,34.2,35.8,36.2,36.9,35.4
A,PC,ED5-8,Y25-64,M,BE31,47.5,48.4,49.0,49.2,52.1,52.5,52.9,55.1,52.9,54.4,56.5,60.0
A,PC,ED5-8,Y25-64,M,BE32,25.4,24.9,23.2,27.4,27.4,27.7,27.4,26.5,27.1,28.7,27.9,28.3
A,PC,ED5-8,Y25-64,M,BE33,29.3,30.2,31.8,29.6,31.6,33.4,33.0,34.7,37.5,36.6,34.2,37.7
A,PC,ED5-8,Y25-64,M,BE34,27.3,30.3,32.6,31.2,33.5,34.9,36.1,37.2,40.2,37.8,35.8,37.0
A,PC,ED5-8,Y25-64,M,BE35,31.0,32.5,30.7,31.6,35.8,34.5,33.7,34.9,38.3,39.4,38.0,36.0
A,PC,ED5-8,Y25-64,M,BG31,14.6,15.1,15.8,15.2,14.4,14.7,13.4,15.1,15.2,14.6,15.9,20.3
A,PC,ED5-8,Y25-64,M,BG32,17.5,18.0,18.5,19.1,18.0,19.0,21.4,20.5,20.2,20.5,20.3,24.8
A,PC,ED5-8,Y25-64,M,BG33,20.1,20.9,18.6,18.9,19.7,19.3,17.5,17.5,19.6,21.9,23.5,28.7
A,PC,ED5-8,Y25-64,M,BG34,15.7,15.8,17.7,16.9,16.4,16.0,15.7,17.4,17.9,16.9,18.2,22.1
A,PC,ED5-8,Y25-64,M,BG41,28.1,30.5,31.1,31.8,32.5,33.8,33.3,37.3,37.7,36.8,35.5,36.7
A,PC,ED5-8,Y25-64,M,BG42,15.4,15.9,16.2,16.7,16.7,16.9,16.6,16.0,16.2,16.2,18.5,20.4
A,PC,ED5-8,Y25-64,M,CH01,39.9,40.5,41.2,43.7,43.4,44.3,44.0,43.1,43.3,43.0,44.4,45.3
A,PC,ED5-8,Y25-64,M,CH02,41.4,42.3,42.6,42.7,45.8,44.9,44.6,44.5,44.2,44.4,44.2,44.4
A,PC,ED5-8,Y25-64,M,CH03,46.4,45.1,44.9,47.1,48.0,49.2,50.6,50.9,48.2,47.4,50.1,49.1
A,PC,ED5-8,Y25-64,M,CH04,50.9,51.1,52.7,54.7,55.6,55.5,57.5,59.2,59.0,58.3,59.2,60.2
A,PC,ED5-8,Y25-64,M,CH05,39.1,41.0,40.5,41.5,42.9,44.3,44.8,45.0,44.0,44.1,44.4,42.9
A,PC,ED5-8,Y25-64,M,CH06,42.7,42.9,43.6,48.2,49.6,50.3,48.7,49.2,49.2,48.9,49.9,52.0
A,PC,ED5-8,Y25-64,M,CH07,33.8,35.8,40.1,39.1,40.3,42.6,42.5,42.8,39.3,39.6,42.4,43.8
A,PC,ED5-8,Y25-64,M,CY00,37.4,37.3,37.3,37.8,38.5,39.6,39.5,40.6,43.0,44.2,46.9,46.3
A,PC,ED5-8,Y25-64,M,CZ01,39.5,40.3,40.4,44.2,46.0,46.1,45.3,44.6,48.3,49.9,51.1,50.9
A,PC,ED5-8,Y25-64,M,CZ02,19.1,21.4,20.9,20.0,21.6,22.2,20.9,21.2,23.2,22.2,21.6,20.0
A,PC,ED5-8,Y25-64,M,CZ03,16.1,16.0,16.9,16.9,18.0,17.5,16.9,17.2,18.9,18.3,20.2,20.0
A,PC,ED5-8,Y25-64,M,CZ04,11.7,13.9,12.9,13.2,12.4,11.7,12.8,11.1,13.2,14.0,13.8,14.4
A,PC,ED5-8,Y25-64,M,CZ05,16.6,16.4,16.2,18.5,18.7,19.4,19.4,18.9,17.9,19.6,17.6,18.5
A,PC,ED5-8,Y25-64,M,CZ06,22.1,22.4,22.5,24.4,24.1,24.1,24.4,24.7,24.2,22.8,24.2,25.8
A,PC,ED5-8,Y25-64,M,CZ07,15.3,17.6,19.8,18.2,17.0,16.9,17.2,20.0,21.0,20.6,17.9,19.4
A,PC,ED5-8,Y25-64,M,CZ08,17.6,16.2,17.0,17.9,19.2,18.8,19.0,18.6,18.3,20.3,18.6,19.5
A,PC,ED5-8,Y25-64,M,DE11,38.1,37.3,38.0,38.7,38.1,37.9,38.9,39.4,39.6,40.3,40.9,40.9
A,PC,ED5-8,Y25-64,M,DE12,35.0,35.7,36.2,37.7,36.2,35.8,37.7,38.7,38.7,40.2,40.0,41.2
A,PC,ED5-8,Y25-64,M,DE13,34.6,32.0,32.6,32.9,33.3,33.4,34.4,39.2,37.3,37.4,38.2,40.5
A,PC,ED5-8,Y25-64,M,DE14,38.3,37.2,36.3,36.9,36.5,36.0,36.7,34.8,36.8,38.8,41.0,44.1
A,PC,ED5-8,Y25-64,M,DE21,40.7,41.8,41.8,43.1,43.6,45.2,44.3,48.2,46.8,45.3,45.7,46.2
A,PC,ED5-8,Y25-64,M,DE22,27.4,26.8,26.3,27.6,26.9,25.9,27.3,29.9,32.6,31.1,28.9,30.8
A,PC,ED5-8,Y25-64,M,DE23,31.3,31.1,31.1,29.3,29.4,29.4,31.1,34.3,37.2,35.1,34.9,35.6
A,PC,ED5-8,Y25-64,M,DE24,30.0,30.8,29.1,27.6,29.0,28.9,31.0,31.3,35.1,30.9,29.2,31.8
A,PC,ED5-8,Y25-64,M,DE25,33.1,32.9,33.0,34.7,34.7,35.0,35.2,36.6,37.9,36.7,37.5,39.2
A,PC,ED5-8,Y25-64,M,DE26,31.8,31.6,32.9,32.9,32.6,31.9,33.1,36.6,35.5,33.0,35.0,34.9
A,PC,ED5-8,Y25-64,M,DE27,30.9,30.7,31.0,29.4,31.7,31.2,33.3,37.6,33.9,33.0,35.3,37.6
A,PC,ED5-8,Y25-64,M,DE30,35.4,34.9,35.2,38.3,39.0,40.6,41.2,41.2,44.8,46.1,43.2,43.7
A,PC,ED5-8,Y25-64,M,DE40,27.6,26.9,26.6,25.8,25.7,27.2,28.1,29.2,30.1,28.0,29.0,29.7
A,PC,ED5-8,Y25-64,M,DE50,26.6,26.7,26.8,28.6,29.4,28.2,28.4,30.5,34.4,32.8,29.4,31.8
A,PC,ED5-8,Y25-64,M,DE60,31.3,33.3,34.8,36.7,35.9,37.2,38.2,36.7,40.5,37.8,39.5,40.0
A,PC,ED5-8,Y25-64,M,DE71,35.8,36.4,36.2,36.9,37.9,36.9,37.9,34.0,36.0,36.2,38.5,39.5
A,PC,ED5-8,Y25-64,M,DE72,33.7,31.1,31.6,33.5,32.2,30.8,32.2,31.6,33.5,34.4,33.1,33.8
A,PC,ED5-8,Y25-64,M,DE73,30.7,27.0,28.2,28.1,29.7,29.4,29.8,31.9,30.9,29.3,29.8,31.3
A,PC,ED5-8,Y25-64,M,DE80,23.0,22.5,24.8,24.4,25.3,23.7,23.9,24.7,26.0,24.1,26.3,25.7
A,PC,ED5-8,Y25-64,M,DE91,30.1,30.1,30.5,29.7,31.2,32.5,33.7,35.9,35.7,36.5,37.4,38.3
A,PC,ED5-8,Y25-64,M,DE92,29.1,28.6,29.7,28.6,28.2,30.2,31.0,30.5,33.1,33.1,32.9,36.2
A,PC,ED5-8,Y25-64,M,DE93,26.8,25.4,26.8,25.6,26.1,26.5,26.6,30.3,30.7,32.1,30.8,33.1
A,PC,ED5-8,Y25-64,M,DE94,24.9,23.9,24.5,23.1,23.7,24.1,26.1,26.7,28.7,30.1,30.6,31.7
A,PC,ED5-8,Y25-64,M,DEA1,27.6,27.7,28.6,30.0,29.4,28.6,29.4,31.5,32.3,30.5,30.8,31.1
A,PC,ED5-8,Y25-64,M,DEA2,32.1,31.6,31.6,33.0,33.1,32.6,33.0,33.4,37.1,35.8,38.6,38.4
A,PC,ED5-8,Y25-64,M,DEA3,27.4,27.3,28.2,28.4,27.6,27.8,29.6,30.8,31.4,30.7,30.2,31.7
A,PC,ED5-8,Y25-64,M,DEA4,25.1,25.7,24.9,26.9,26.1,26.5,27.1,28.6,28.5,29.0,30.7,33.7
A,PC,ED5-8,Y25-64,M,DEA5,25.4,25.3,26.4,26.4,25.3,26.1,26.1,28.0,29.5,29.4,29.8,28.1
A,PC,ED5-8,Y25-64,M,DEB1,27.0,27.5,27.7,27.9,29.2,30.0,30.6,31.3,30.9,28.0,30.1,33.8
A,PC,ED5-8,Y25-64,M,DEB2,30.6,30.7,29.9,29.9,31.7,32.9,33.8,34.9,32.7,32.7,30.5,31.4
A,PC,ED5-8,Y25-64,M,DEB3,33.4,31.8,33.0,31.3,30.9,32.2,34.0,36.8,35.2,36.3,36.9,39.8
A,PC,ED5-8,Y25-64,M,DEC0,26.9,25.5,23.9,27.9,27.1,27.9,28.3,28.9,31.2,30.2,30.2,29.8
A,PC,ED5-8,Y25-64,M,DED2,30.4,31.0,31.2,31.7,31.4,32.4,31.7,31.0,32.3,33.7,34.3,35.6
A,PC,ED5-8,Y25-64,M,DED4,26.4,25.6,26.8,23.3,23.9,24.4,25.1,26.4,24.6,23.1,23.5,26.9
A,PC,ED5-8,Y25-64,M,DED5,30.0,28.6,29.9,30.2,31.4,32.0,32.3,34.8,35.3,33.1,32.6,36.3
A,PC,ED5-8,Y25-64,M,DEE0,22.8,22.6,22.2,21.5,20.2,19.5,21.8,20.7,22.9,22.3,23.0,23.7
A,PC,ED5-8,Y25-64,M,DEF0,26.9,26.7,27.2,27.9,27.5,27.0,27.2,28.6,30.6,28.7,32.3,33.6
A,PC,ED5-8,Y25-64,M,DEG0,26.6,25.7,24.3,25.7,25.5,26.6,26.1,27.3,26.2,26.3,27.3,28.0
A,PC,ED5-8,Y25-64,M,DK01,42.6,43.6,43.5,45.1,44.4,45.7,48.7,49.7,49.2,47.2,49.7,52.4
A,PC,ED5-8,Y25-64,M,DK02,23.4,22.7,23.2,24.7,24.9,24.2,24.2,24.3,26.1,25.3,26.5,28.1
A,PC,ED5-8,Y25-64,M,DK03,22.8,25.1,24.8,25.5,28.2,27.6,26.9,27.8,27.6,27.4,27.9,31.8
A,PC,ED5-8,Y25-64,M,DK04,27.6,27.9,28.3,31.1,31.7,32.0,33.7,33.1,34.2,34.0,34.1,36.9
A,PC,ED5-8,Y25-64,M,DK05,22.1,22.5,23.6,26.6,26.4,26.2,24.8,25.3,28.8,28.9,29.5,27.6
A,PC,ED5-8,Y25-64,M,EA20,27.0,27.7,28.1,28.5,29.1,29.9,30.8,31.8,32.4,32.8,33.3,34.1
A,PC,ED5-8,Y25-64,M,EE00,28.3,28.5,26.9,27.9,28.3,28.8,29.1,29.9,30.5,30.8,30.4,30.2
A,PC,ED5-8,Y25-64,M,EL30,36.1,37.0,37.0,37.1,37.3,39.1,39.5,39.9,45.0,45.2,41.8,42.1
A,PC,ED5-8,Y25-64,M,EL41,31.2,26.0,21.6,25.7,22.9,21.6,25.9,27.7,26.3,26.6,26.7,26.2
A,PC,ED5-8,Y25-64,M,EL42,16.1,15.7,18.0,16.1,21.2,22.3,23.4,22.6,23.9,27.6,19.0,22.5
A,PC,ED5-8,Y25-64,M,EL43,20.4,20.3,22.9,23.8,25.3,25.2,24.2,26.7,26.6,26.2,24.4,24.5
A,PC,ED5-8,Y25-64,M,EL51,19.0,19.6,22.3,23.3,24.5,24.0,22.3,22.7,23.2,26.5,23.0,20.7
A,PC,ED5-8,Y25-64,M,EL52,26.1,26.0,27.3,28.8,28.1,29.6,28.7,29.5,30.4,30.1,32.2,33.8
A,PC,ED5-8,Y25-64,M,EL53,19.8,22.4,20.9,19.8,20.6,21.8,24.3,24.9,23.8,21.4,22.8,23.2
A,PC,ED5-8,Y25-64,M,EL54,25.1,23.8,24.6,26.6,27.3,30.1,29.2,28.9,26.0,26.1,29.1,32.6
A,PC,ED5-8,Y25-64,M,EL61,24.3,25.1,24.1,23.7,27.6,29.3,28.5,28.5,30.5,28.9,28.0,32.2
A,PC,ED5-8,Y25-64,M,EL62,17.7,17.1,17.2,19.0,19.0,20.8,23.4,21.6,16.8,17.5,19.3,17.4
A,PC,ED5-8,Y25-64,M,EL63,21.3,22.8,21.4,20.2,22.1,19.7,17.6,23.0,24.3,22.4,27.1,25.6
A,PC,ED5-8,Y25-64,M,EL64,17.8,16.7,16.5,18.9,21.6,22.1,21.9,23.3,24.0,21.4,20.2,20.8
A,PC,ED5-8,Y25-64,M,EL65,19.0,19.1,20.2,21.0,22.6,23.3,23.0,22.2,22.2,24.6,23.5,23.5
A,PC,ED5-8,Y25-64,M,ES11,29.6,30.4,32.1,32.0,32.9,33.4,34.5,36.3,37.1,37.3,36.7,37.2
A,PC,ED5-8,Y25-64,M,ES12,36.9,37.2,37.2,37.7,39.9,40.9,41.7,41.6,42.1,40.4,38.3,39.2
A,PC,ED5-8,Y25-64,M,ES13,35.9,35.2,36.0,35.3,38.0,36.9,38.5,39.4,40.0,41.8,45.5,45.2
A,PC,ED5-8,Y25-64,M,ES21,46.1,46.2,46.8,47.1,48.1,48.1,48.9,51.6,53.0,51.7,52.6,54.2
A,PC,ED5-8,Y25-64,M,ES22,38.8,41.2,40.5,41.9,42.3,40.8,43.6,44.2,45.1,45.6,44.0,45.9
A,PC,ED5-8,Y25-64,M,ES23,33.6,34.8,36.8,33.4,35.3,36.2,34.5,34.3,36.3,36.9,34.2,36.2
A,PC,ED5-8,Y25-64,M,ES24,32.1,32.9,33.0,33.5,34.5,35.8,36.3,36.2,36.7,39.1,40.3,38.0
A,PC,ED5-8,Y25-64,M,ES30,46.0,47.5,45.1,45.0,45.6,46.2,47.9,48.8,47.6,46.8,47.7,49.9
A,PC,ED5-8,Y25-64,M,ES41,31.0,30.8,30.6,29.6,30.7,31.9,34.1,34.9,33.7,34.8,35.9,36.6
A,PC,ED5-8,Y25-64,M,ES42,24.3,25.1,25.7,24.6,24.6,25.7,27.2,27.2,27.4,28.3,29.9,29.9
A,PC,ED5-8,Y25-64,M,ES43,21.8,24.6,23.7,21.6,24.2,22.5,22.3,22.0,24.7,26.5,29.3,30.7
A,PC,ED5-8,Y25-64,M,ES51,31.9,34.6,34.4,35.2,36.5,38.3,39.6,39.6,39.5,40.4,41.6,43.0
A,PC,ED5-8,Y25-64,M,ES52,30.0,30.9,30.2,30.6,30.3,32.0,33.4,34.9,35.4,34.0,35.2,34.9
A,PC,ED5-8,Y25-64,M,ES53,24.9,24.4,23.9,26.4,29.1,25.8,28.0,31.4,31.6,29.2,29.7,30.9
A,PC,ED5-8,Y25-64,M,ES61,26.0,25.6,26.3,26.9,27.3,28.2,28.9,29.7,30.6,31.7,32.7,32.6
A,PC,ED5-8,Y25-64,M,ES62,26.6,26.4,26.9,26.4,27.5,29.3,28.3,29.0,30.8,26.8,29.3,29.9
A,PC,ED5-8,Y25-64,M,ES63,19.3,21.2,28.0,27.7,26.7,23.5,18.3,22.8,21.4,15.9,18.2,32.2
A,PC,ED5-8,Y25-64,M,ES64,26.8,32.2,30.7,27.4,27.7,27.0,27.7,31.7,33.2,31.7,31.1,27.8
A,PC,ED5-8,Y25-64,M,ES70,25.3,24.3,24.3,27.4,27.7,28.5,30.6,31.0,31.8,32.6,29.5,31.8
A,PC,ED5-8,Y25-64,M,FI19,32.1,32.5,34.1,33.9,33.9,34.9,36.9,38.6,32.6,33.7,33.0,33.5
A,PC,ED5-8,Y25-64,M,FI1B,43.6,44.4,45.3,45.5,44.9,45.9,47.8,48.0,43.4,44.0,42.1,42.7
A,PC,ED5-8,Y25-64,M,FI1C,30.1,31.1,32.4,32.1,32.0,31.5,33.7,34.3,29.8,30.1,30.6,31.1
A,PC,ED5-8,Y25-64,M,FI1D,27.9,30.0,29.1,29.8,30.6,31.1,32.1,33.1,29.3,30.8,30.9,29.5
A,PC,ED5-8,Y25-64,M,FI20,32.2,30.3,28.0,,,30.6,28.1,33.8,27.6,29.7,,
A,PC,ED5-8,Y25-64,M,FR10,41.7,42.7,45.4,46.6,46.8,47.3,50.0,52.9,52.5,52.4,54.2,54.1
A,PC,ED5-8,Y25-64,M,FRB0,24.4,24.4,25.1,26.7,28.2,30.1,28.8,28.7,29.7,30.5,33.8,35.3
A,PC,ED5-8,Y25-64,M,FRC1,23.4,25.3,23.0,24.2,26.3,27.6,27.6,30.8,33.6,32.1,32.7,33.0
A,PC,ED5-8,Y25-64,M,FRC2,24.1,25.4,22.9,27.1,31.7,30.1,25.8,27.2,28.9,34.5,32.0,32.9
A,PC,ED5-8,Y25-64,M,FRD1,22.0,21.4,22.8,20.9,21.3,25.1,24.2,27.7,29.1,28.7,36.1,35.6
A,PC,ED5-8,Y25-64,M,FRD2,22.9,21.2,23.4,24.2,25.7,23.3,25.0,29.6,30.9,31.9,31.4,32.9
A,PC,ED5-8,Y25-64,M,FRE1,26.4,26.9,25.5,26.1,26.7,30.4,30.8,28.9,32.4,32.3,32.6,35.5
A,PC,ED5-8,Y25-64,M,FRE2,19.5,20.3,21.8,20.5,22.2,25.9,25.4,29.9,29.9,30.3,29.9,30.6
A,PC,ED5-8,Y25-64,M,FRF1,29.3,29.8,29.9,30.3,30.2,31.8,32.8,35.7,35.3,37.4,41.5,40.6
A,PC,ED5-8,Y25-64,M,FRF2,23.0,21.7,22.8,22.0,23.4,27.2,25.7,22.8,28.8,25.7,27.7,32.1
A,PC,ED5-8,Y25-64,M,FRF3,25.8,26.2,28.6,27.9,29.7,28.2,32.2,32.0,30.2,28.8,29.8,32.0
A,PC,ED5-8,Y25-64,M,FRG0,25.7,28.5,30.4,30.2,30.5,31.3,32.7,33.3,34.6,36.5,35.5,37.1
A,PC,ED5-8,Y25-64,M,FRH0,30.3,29.9,29.5,30.8,30.0,34.1,33.8,33.9,37.1,38.3,35.5,36.3
A,PC,ED5-8,Y25-64,M,FRI1,26.5,29.4,28.9,29.2,31.1,32.8,31.5,30.9,35.6,36.7,35.3,38.0
A,PC,ED5-8,Y25-64,M,FRI2,23.1,27.5,26.9,26.8,26.9,29.5,28.6,27.6,32.4,30.3,36.4,39.8
A,PC,ED5-8,Y25-64,M,FRI3,21.0,25.3,24.4,23.3,26.3,27.8,27.0,31.2,30.9,33.4,33.8,36.4
A,PC,ED5-8,Y25-64,M,FRJ1,25.9,28.2,28.6,28.0,28.6,28.5,30.7,37.5,35.2,33.3,34.6,37.4
A,PC,ED5-8,Y25-64,M,FRJ2,37.1,40.1,35.7,35.9,37.1,41.5,43.2,41.6,41.6,41.0,41.8,43.0
A,PC,ED5-8,Y25-64,M,FRK1,21.9,21.6,25.1,27.5,24.9,24.3,23.6,26.3,26.1,29.4,29.3,29.9
A,PC,ED5-8,Y25-64,M,FRK2,32.3,34.3,35.0,35.7,35.8,37.2,38.6,40.3,41.0,42.8,43.0,43.7
A,PC,ED5-8,Y25-64,M,FRL0,31.1,31.3,32.2,33.9,33.1,34.4,35.8,35.7,37.2,39.6,38.8,38.0
A,PC,ED5-8,Y25-64,M,FRM0,18.9,19.7,21.0,26.9,33.2,22.6,20.6,34.6,26.5,24.8,26.4,30.0
A,PC,ED5-8,Y25-64,M,FRY1,,16.9,19.0,18.5,19.7,20.5,19.1,18.0,19.9,18.8,23.5,25.4
A,PC,ED5-8,Y25-64,M,FRY2,,20.2,22.7,20.6,21.5,23.2,19.9,21.8,22.2,22.6,24.0,21.8
A,PC,ED5-8,Y25-64,M,FRY3,,19.1,20.1,17.8,19.4,21.6,22.9,20.3,16.3,21.2,21.9,21.1
A,PC,ED5-8,Y25-64,M,FRY4,,17.7,20.3,18.7,18.4,20.3,21.8,20.5,21.9,22.4,22.4,22.5
A,PC,ED5-8,Y25-64,M,HR02,,,,14.5,12.9,11.9,12.4,14.6,15.0,15.1,14.5,14.5
A,PC,ED5-8,Y25-64,M,HR03,19.9,20.0,21.7,19.7,20.8,23.4,22.8,21.8,20.2,20.3,23.0,25.1
A,PC,ED5-8,Y25-64,M,HR04,18.3,19.5,19.5,,,,,,,,,
A,PC,ED5-8,Y25-64,M,HR05,,,,38.4,39.6,41.7,38.8,37.6,40.6,40.9,44.5,44.2
A,PC,ED5-8,Y25-64,M,HR06,,,,13.6,13.9,15.0,14.9,14.3,14.1,14.6,17.8,18.6
A,PC,ED5-8,Y25-64,M,HU11,39.2,41.0,42.8,41.0,41.5,46.3,44.5,47.1,53.0,52.7,52.4,54.4
A,PC,ED5-8,Y25-64,M,HU12,20.1,22.4,23.2,22.5,23.2,22.1,22.1,25.2,27.8,27.0,27.6,28.0
A,PC,ED5-8,Y25-64,M,HU21,15.5,13.9,16.6,16.1,17.6,17.0,18.1,18.5,18.9,17.9,17.6,18.8
A,PC,ED5-8,Y25-64,M,HU22,14.5,17.4,18.0,16.0,18.1,16.9,17.4,20.5,20.0,18.2,18.0,18.7
A,PC,ED5-8,Y25-64,M,HU23,14.3,14.3,14.1,15.2,15.2,13.5,12.5,12.6,15.8,16.9,16.8,16.5
A,PC,ED5-8,Y25-64,M,HU31,13.0,13.8,15.2,13.6,13.5,14.2,13.1,13.1,13.9,16.0,16.7,16.3
A,PC,ED5-8,Y25-64,M,HU32,14.8,13.8,12.9,13.3,13.4,13.9,15.4,15.9,16.0,16.4,16.9,16.8
A,PC,ED5-8,Y25-64,M,HU33,15.0,15.6,15.4,16.3,15.8,16.2,16.7,16.7,17.2,17.9,17.3,18.4
A,PC,ED5-8,Y25-64,M,IE04,32.2,31.7,31.5,32.7,34.7,34.9,36.3,40.6,42.5,44.1,46.2,48.1
A,PC,ED5-8,Y25-64,M,IE05,34.2,34.4,35.5,35.7,38.0,37.4,38.1,40.4,44.1,44.9,45.3,47.4
A,PC,ED5-8,Y25-64,M,IE06,44.6,45.5,46.9,47.1,48.7,49.6,49.5,52.1,53.6,54.7,55.8,56.8
A,PC,ED5-8,Y25-64,M,IS00,29.7,31.1,31.7,32.9,34.8,35.3,37.4,37.0,34.8,32.9,34.4,35.6
A,PC,ED5-8,Y25-64,M,ITC1,14.1,14.8,14.5,14.9,15.5,16.3,17.2,17.0,17.0,17.1,18.2,17.7
A,PC,ED5-8,Y25-64,M,ITC2,13.5,12.3,12.5,12.4,13.8,14.0,14.1,14.3,14.5,15.6,15.8,16.6
A,PC,ED5-8,Y25-64,M,ITC3,18.3,16.3,16.8,16.7,15.7,18.0,18.8,18.7,18.7,19.0,19.5,19.9
A,PC,ED5-8,Y25-64,M,ITC4,15.5,16.1,17.1,16.9,17.5,18.6,18.4,18.4,17.7,18.7,20.4,20.3
A,PC,ED5-8,Y25-64,M,ITF1,14.5,14.1,14.2,13.8,14.9,16.5,17.1,17.8,16.5,16.8,17.2,20.0
A,PC,ED5-8,Y25-64,M,ITF2,12.8,13.2,15.0,15.1,16.5,16.9,17.3,16.1,16.5,18.8,19.4,18.5
A,PC,ED5-8,Y25-64,M,ITF3,13.3,13.0,13.4,13.7,13.6,13.1,13.1,13.8,14.2,14.6,15.6,16.2
A,PC,ED5-8,Y25-64,M,ITF4,12.3,12.7,11.5,11.0,11.8,12.6,13.0,12.5,13.4,13.3,14.1,14.8
A,PC,ED5-8,Y25-64,M,ITF5,13.0,12.8,12.7,12.9,14.0,13.1,14.2,15.5,14.4,13.4,15.3,16.1
A,PC,ED5-8,Y25-64,M,ITF6,12.5,12.6,13.1,13.0,12.6,12.5,13.0,12.8,14.0,14.7,17.0,17.1
A,PC,ED5-8,Y25-64,M,ITG1,12.2,12.1,11.8,11.4,11.8,12.3,12.5,12.7,12.9,13.0,15.3,15.5
A,PC,ED5-8,Y25-64,M,ITG2,11.0,10.5,11.7,11.4,12.2,12.7,14.2,13.8,12.6,12.9,14.7,15.3
A,PC,ED5-8,Y25-64,M,ITH1,12.8,14.5,13.1,13.6,14.6,14.7,14.2,14.3,14.7,14.7,14.7,15.4
A,PC,ED5-8,Y25-64,M,ITH2,14.4,16.3,15.8,16.2,18.2,18.0,17.5,18.3,18.5,17.5,19.6,19.7
A,PC,ED5-8,Y25-64,M,ITH3,12.8,13.1,13.1,13.4,14.4,15.4,16.1,17.1,16.9,16.4,16.7,17.6
A,PC,ED5-8,Y25-64,M,ITH4,15.5,15.8,15.7,15.4,16.8,18.5,17.6,17.8,16.7,16.3,17.1,20.0
A,PC,ED5-8,Y25-64,M,ITH5,15.1,16.3,17.5,17.5,18.2,18.9,19.2,19.6,19.0,18.8,19.4,20.4
A,PC,ED5-8,Y25-64,M,ITI1,14.6,15.3,17.2,17.6,17.7,18.0,17.6,17.5,17.3,17.4,18.2,19.5
A,PC,ED5-8,Y25-64,M,ITI2,16.6,16.3,17.0,18.1,17.8,17.8,18.0,17.9,17.3,18.8,20.2,21.4
A,PC,ED5-8,Y25-64,M,ITI3,15.4,15.1,15.0,15.5,16.9,17.3,18.5,17.6,16.8,16.9,18.3,20.5
A,PC,ED5-8,Y25-64,M,ITI4,19.0,20.7,20.8,20.8,21.5,22.5,23.0,23.2,23.4,23.5,24.7,24.1
A,PC,ED5-8,Y25-64,M,LT01,40.0,41.8,44.2,45.9,46.5,48.7,48.6,51.0,55.1,56.0,56.2,54.6
A,PC,ED5-8,Y25-64,M,LT02,23.9,25.9,26.7,26.3,27.0,27.8,29.7,30.8,30.9,31.1,30.0,32.2
A,PC,ED5-8,Y25-64,M,LU00,41.9,47.8,41.1,42.9,39.0,43.0,46.1,46.4,49.3,51.0,50.8,53.2
A,PC,ED5-8,Y25-64,M,LV00,23.0,21.9,22.3,24.1,24.9,24.9,27.1,28.9,29.2,29.4,29.8,30.0
A,PC,ED5-8,Y25-64,M,ME00,21.9,22.7,22.3,23.6,21.9,21.3,23.3,23.0,,,,
A,PC,ED5-8,Y25-64,M,MK00,16.3,16.3,17.3,19.2,18.9,18.4,19.7,21.4,,,,
A,PC,ED5-8,Y25-64,M,MT00,19.1,21.1,20.4,21.3,23.9,25.5,27.4,28.9,29.5,29.6,29.8,32.0
A,PC,ED5-8,Y25-64,M,NL11,31.2,29.2,32.9,34.0,34.5,33.9,35.0,37.4,42.8,41.7,42.8,41.0
A,PC,ED5-8,Y25-64,M,NL12,25.0,23.7,23.6,25.3,27.0,29.1,31.3,31.8,31.3,31.0,32.8,32.8
A,PC,ED5-8,Y25-64,M,NL13,26.6,28.2,28.5,31.0,27.9,30.8,34.0,34.7,34.5,33.0,32.1,33.8
A,PC,ED5-8,Y25-64,M,NL21,31.3,32.3,32.0,31.5,32.6,32.7,35.1,36.9,40.6,40.5,37.5,39.2
A,PC,ED5-8,Y25-64,M,NL22,33.3,34.2,33.8,33.1,33.6,34.5,37.6,37.7,41.4,40.7,39.4,41.4
A,PC,ED5-8,Y25-64,M,NL23,31.4,30.7,32.2,29.6,31.0,29.7,31.1,35.2,33.6,35.9,36.4,35.1
A,PC,ED5-8,Y25-64,M,NL31,45.4,45.4,45.9,46.1,48.3,51.1,52.1,54.1,48.5,54.4,,
A,PC,ED5-8,Y25-64,M,NL32,39.9,41.2,41.3,42.7,43.1,43.3,46.8,48.6,46.3,49.3,48.5,48.0
A,PC,ED5-8,Y25-64,M,NL33,36.6,35.4,37.4,36.9,38.3,39.1,40.8,44.1,43.9,44.5,,
A,PC,ED5-8,Y25-64,M,NL34,23.7,24.9,25.5,26.2,28.5,30.7,30.5,31.2,30.2,31.9,28.6,28.2
A,PC,ED5-8,Y25-64,M,NL35,,,,,,,,,,,53.7,54.5
A,PC,ED5-8,Y25-64,M,NL36,,,,,,,,,,,44.0,43.0
A,PC,ED5-8,Y25-64,M,NL41,33.5,34.0,34.2,35.2,34.7,36.1,38.9,41.4,41.9,44.3,42.2,41.5
A,PC,ED5-8,Y25-64,M,NL42,30.8,28.3,31.1,31.5,32.0,33.3,33.3,34.7,39.9,37.8,36.6,37.4
A,PC,ED5-8,Y25-64,M,NO01,47.2,50.8,49.8,,,,,,,,,
A,PC,ED5-8,Y25-64,M,NO02,24.1,26.7,28.5,29.6,30.8,28.2,26.9,27.4,29.8,31.0,30.1,32.5
A,PC,ED5-8,Y25-64,M,NO03,30.9,32.7,33.6,,,,,,,,,
A,PC,ED5-8,Y25-64,M,NO04,32.2,34.9,37.3,,,,,,,,,
A,PC,ED5-8,Y25-64,M,NO05,33.2,38.2,39.0,,,,,,,,,
A,PC,ED5-8,Y25-64,M,NO06,33.2,36.5,37.7,36.3,36.9,40.1,39.4,40.8,41.7,38.6,40.4,41.6
A,PC,ED5-8,Y25-64,M,NO07,25.5,31.7,32.7,32.6,32.4,35.2,35.5,32.3,32.4,36.1,33.1,31.3
A,PC,ED5-8,Y25-64,M,NO08,,,,44.2,44.9,44.3,45.0,45.4,47.7,47.8,48.6,50.1
A,PC,ED5-8,Y25-64,M,NO09,,,,34.3,33.5,33.1,33.7,33.6,34.8,35.7,36.8,37.1
A,PC,ED5-8,Y25-64,M,NO0A,,,,38.3,38.0,39.0,37.1,39.3,43.1,42.8,42.8,41.8
A,PC,ED5-8,Y25-64,M,PL21,22.1,22.9,23.6,25.5,28.6,27.1,28.3,28.5,30.3,29.6,33.1,34.1
A,PC,ED5-8,Y25-64,M,PL22,20.2,20.9,20.9,22.0,23.2,24.6,25.6,25.4,26.8,27.2,30.5,33.0
A,PC,ED5-8,Y25-64,M,PL41,19.6,20.2,20.8,20.2,20.5,21.5,23.2,24.5,21.4,22.8,27.1,28.9
A,PC,ED5-8,Y25-64,M,PL42,21.2,20.9,20.4,21.4,21.5,22.7,24.0,24.0,24.3,28.1,31.3,32.1
A,PC,ED5-8,Y25-64,M,PL43,17.5,19.1,18.5,18.0,19.3,20.5,20.9,21.8,23.4,23.8,25.8,25.6
A,PC,ED5-8,Y25-64,M,PL51,22.0,23.6,22.3,24.1,24.5,25.8,30.4,31.4,31.3,30.1,36.3,39.2
A,PC,ED5-8,Y25-64,M,PL52,16.7,18.4,20.5,20.2,20.8,20.1,20.7,22.6,22.1,21.7,24.1,25.6
A,PC,ED5-8,Y25-64,M,PL61,17.5,16.8,17.3,18.7,20.1,21.0,20.4,22.8,23.9,24.3,26.0,26.1
A,PC,ED5-8,Y25-64,M,PL62,16.2,17.6,18.2,18.5,18.0,18.9,20.2,18.3,18.3,20.4,24.3,25.0
A,PC,ED5-8,Y25-64,M,PL63,23.1,22.7,23.5,26.8,28.1,28.0,30.0,29.7,29.3,31.6,35.4,36.7
A,PC,ED5-8,Y25-64,M,PL71,18.7,20.7,21.7,21.7,22.6,22.5,23.1,23.7,23.0,23.5,25.5,26.5
A,PC,ED5-8,Y25-64,M,PL72,20.0,20.0,19.8,21.5,20.4,21.1,22.6,24.4,22.1,22.6,24.9,26.4
A,PC,ED5-8,Y25-64,M,PL81,20.1,21.2,21.6,20.3,20.9,22.7,24.2,26.3,23.8,21.6,25.4,28.3
A,PC,ED5-8,Y25-64,M,PL82,18.9,19.1,20.7,21.8,22.6,23.1,23.6,23.7,24.7,24.9,26.7,27.1
A,PC,ED5-8,Y25-64,M,PL84,20.1,21.4,22.1,22.7,23.7,25.6,26.0,24.7,24.9,26.9,27.7,28.8
A,PC,ED5-8,Y25-64,M,PL91,44.4,47.9,46.5,47.7,51.9,51.2,49.0,51.0,52.1,51.3,55.7,58.0
A,PC,ED5-8,Y25-64,M,PL92,15.2,16.1,16.6,16.0,15.7,17.2,20.3,20.0,21.2,23.0,23.7,23.8
A,PC,ED5-8,Y25-64,M,PT11,13.4,14.3,14.9,16.1,16.4,17.1,18.6,19.5,19.9,21.0,22.1,24.5
A,PC,ED5-8,Y25-64,M,PT15,14.7,15.5,14.4,16.3,18.0,16.0,17.5,17.3,16.9,18.8,19.4,21.2
A,PC,ED5-8,Y25-64,M,PT16,12.8,14.2,17.3,18.8,17.4,17.3,,,,,,
A,PC,ED5-8,Y25-64,M,PT17,22.1,26.9,27.8,27.6,27.2,28.3,,,,,,
A,PC,ED5-8,Y25-64,M,PT18,11.0,11.4,12.8,13.8,14.1,15.2,,,,,,
A,PC,ED5-8,Y25-64,M,PT19,,,,,,,20.6,21.6,23.5,24.7,24.2,23.2
A,PC,ED5-8,Y25-64,M,PT1A,,,,,,,35.2,36.2,35.4,35.2,38.1,39.0
A,PC,ED5-8,Y25-64,M,PT1B,,,,,,,23.1,21.1,25.2,27.6,27.5,29.1
A,PC,ED5-8,Y25-64,M,PT1C,,,,,,,13.2,14.7,16.3,16.6,15.2,16.2
A,PC,ED5-8,Y25-64,M,PT1D,,,,,,,15.0,15.3,16.4,18.8,19.5,19.5
A,PC,ED5-8,Y25-64,M,PT20,7.7,8.9,10.8,11.1,11.7,10.8,9.4,9.4,10.1,11.0,11.8,12.9
A,PC,ED5-8,Y25-64,M,PT30,12.5,13.0,12.6,13.9,15.6,16.2,15.8,18.0,19.2,16.5,15.5,16.8
A,PC,ED5-8,Y25-64,M,RO11,14.2,14.2,16.9,16.4,15.6,16.1,17.5,18.8,17.7,16.1,14.8,15.9
A,PC,ED5-8,Y25-64,M,RO12,14.5,14.4,16.9,16.8,17.5,17.0,16.5,15.7,14.9,17.3,16.3,16.0
A,PC,ED5-8,Y25-64,M,RO21,11.3,11.6,10.9,10.8,11.2,11.7,10.7,10.6,11.0,12.6,12.3,12.4
A,PC,ED5-8,Y25-64,M,RO22,11.1,11.4,12.0,12.1,11.4,11.9,12.7,12.6,12.0,12.3,11.8,13.0
A,PC,ED5-8,Y25-64,M,RO31,10.9,11.0,12.4,12.7,12.0,11.8,11.7,11.6,12.4,12.4,11.4,11.6
A,PC,ED5-8,Y25-64,M,RO32,31.4,33.5,33.3,34.5,34.7,35.9,39.5,39.7,38.6,39.7,36.7,35.5
A,PC,ED5-8,Y25-64,M,RO41,14.1,14.9,15.7,16.0,15.3,14.0,14.9,15.8,16.3,15.8,14.5,15.1
A,PC,ED5-8,Y25-64,M,RO42,15.2,14.0,15.7,15.4,16.0,15.5,16.0,16.4,16.3,17.6,18.3,19.8
A,PC,ED5-8,Y25-64,M,RS11,28.8,30.0,31.2,29.3,32.7,34.0,34.6,33.9,35.9,39.2,37.4,39.2
A,PC,ED5-8,Y25-64,M,RS12,13.9,16.0,15.6,17.0,17.0,17.4,17.5,15.9,17.1,17.6,20.4,20.7
A,PC,ED5-8,Y25-64,M,RS21,14.3,13.0,14.2,15.0,14.6,14.5,14.5,15.7,16.8,16.7,16.1,17.7
A,PC,ED5-8,Y25-64,M,RS22,16.4,14.9,17.0,18.2,16.4,17.8,17.4,18.1,18.3,18.5,19.9,19.8
A,PC,ED5-8,Y25-64,M,SE11,41.2,42.9,44.2,46.2,46.8,48.0,48.3,48.7,51.5,51.3,53.6,54.9
A,PC,ED5-8,Y25-64,M,SE12,29.1,30.6,29.1,29.5,31.3,32.0,33.5,35.5,37.8,38.4,38.9,38.2
A,PC,ED5-8,Y25-64,M,SE21,22.7,24.2,24.8,26.1,26.5,28.9,29.6,28.4,27.9,30.5,33.2,34.6
A,PC,ED5-8,Y25-64,M,SE22,32.1,33.2,35.1,37.1,38.3,38.7,38.0,38.4,41.1,43.8,44.2,45.3
A,PC,ED5-8,Y25-64,M,SE23,30.6,32.4,32.2,33.7,34.7,35.0,35.8,36.3,37.6,41.1,41.5,41.5
A,PC,ED5-8,Y25-64,M,SE31,20.5,20.8,22.7,24.9,26.0,25.1,24.2,25.3,24.8,27.1,28.8,31.3
A,PC,ED5-8,Y25-64,M,SE32,22.3,22.8,23.0,24.1,25.3,29.5,30.9,27.8,30.3,32.6,29.1,29.2
A,PC,ED5-8,Y25-64,M,SE33,29.4,29.5,28.6,27.7,29.0,31.3,29.4,28.7,33.0,36.3,41.3,38.6
A,PC,ED5-8,Y25-64,M,SI03,18.7,20.5,21.1,20.8,21.9,22.2,22.2,24.5,28.8,28.3,22.7,23.8
A,PC,ED5-8,Y25-64,M,SI04,27.6,26.9,27.6,28.4,30.7,31.3,32.0,34.7,38.3,37.4,29.5,29.7
A,PC,ED5-8,Y25-64,M,SK01,35.1,36.8,34.8,36.0,38.1,37.9,39.5,40.5,41.0,40.2,44.9,48.4
A,PC,ED5-8,Y25-64,M,SK02,14.9,15.4,15.8,16.3,17.8,18.3,19.0,18.3,18.0,19.6,20.3,20.0
A,PC,ED5-8,Y25-64,M,SK03,16.3,14.8,16.6,17.4,17.6,17.4,18.0,18.8,18.9,20.3,22.2,21.0
A,PC,ED5-8,Y25-64,M,SK04,16.0,17.3,16.5,16.3,16.5,20.4,20.7,21.7,23.3,24.6,21.7,19.9
A,PC,ED5-8,Y25-64,M,TR10,20.2,20.2,22.0,23.8,24.2,25.1,25.0,26.3,28.3,28.2,29.6,30.6
A,PC,ED5-8,Y25-64,M,TR21,15.2,14.8,14.7,16.1,18.2,19.6,20.7,24.4,23.7,21.0,22.9,24.7
A,PC,ED5-8,Y25-64,M,TR22,15.9,18.9,20.6,21.6,21.8,22.4,24.3,25.7,23.4,25.3,27.1,27.4
A,PC,ED5-8,Y25-64,M,TR31,20.3,20.3,21.8,23.1,25.2,26.0,25.6,26.1,28.6,27.3,28.9,30.8
A,PC,ED5-8,Y25-64,M,TR32,13.8,15.6,16.1,17.7,18.8,19.2,22.1,23.7,23.5,25.0,25.9,26.6
A,PC,ED5-8,Y25-64,M,TR33,9.9,14.2,16.0,16.3,15.9,17.1,18.3,18.0,18.9,19.9,20.0,21.3
A,PC,ED5-8,Y25-64,M,TR41,17.3,18.3,19.5,19.9,20.2,21.8,23.7,23.0,24.8,26.4,26.2,27.2
A,PC,ED5-8,Y25-64,M,TR42,20.5,17.6,18.4,19.8,19.6,19.8,21.4,22.5,23.4,23.7,24.7,28.1
A,PC,ED5-8,Y25-64,M,TR51,28.1,29.9,30.5,30.4,31.0,31.5,33.3,34.3,34.2,35.4,35.5,37.0
A,PC,ED5-8,Y25-64,M,TR52,15.8,15.7,17.6,18.7,18.6,18.0,20.1,21.5,21.2,21.6,24.3,25.8
A,PC,ED5-8,Y25-64,M,TR61,18.7,18.2,20.1,22.9,22.7,23.7,24.1,25.1,25.9,27.4,28.5,27.5
A,PC,ED5-8,Y25-64,M,TR62,14.9,16.7,17.7,17.8,18.3,19.2,20.5,21.8,23.6,22.8,23.1,24.4
A,PC,ED5-8,Y25-64,M,TR63,12.7,12.2,14.6,15.7,15.1,15.3,19.0,21.2,21.4,22.1,22.6,22.9
A,PC,ED5-8,Y25-64,M,TR71,16.1,15.2,16.1,14.4,16.6,17.7,18.8,20.2,20.2,22.3,22.7,22.0
A,PC,ED5-8,Y25-64,M,TR72,18.1,17.8,18.6,18.0,18.1,18.0,20.5,20.8,21.7,24.7,24.2,25.3
A,PC,ED5-8,Y25-64,M,TR81,12.5,12.1,12.1,13.9,16.1,18.0,20.1,22.3,23.0,21.4,22.3,21.6
A,PC,ED5-8,Y25-64,M,TR82,12.8,13.4,15.3,16.3,17.5,18.1,18.2,18.0,20.4,21.5,21.6,20.5
A,PC,ED5-8,Y25-64,M,TR83,13.4,15.1,15.9,16.8,17.8,16.9,18.5,20.6,20.8,21.1,22.7,24.6
A,PC,ED5-8,Y25-64,M,TR90,14.3,14.9,17.8,20.2,19.6,19.3,20.4,23.2,21.5,22.0,23.7,23.4
A,PC,ED5-8,Y25-64,M,TRA1,17.0,13.6,15.2,18.2,20.9,22.4,27.2,25.5,25.8,24.9,25.9,27.9
A,PC,ED5-8,Y25-64,M,TRA2,10.1,10.3,13.3,11.6,12.2,11.6,12.0,16.5,14.9,14.6,15.4,16.1
A,PC,ED5-8,Y25-64,M,TRB1,14.0,20.5,21.2,21.8,21.5,21.3,24.5,26.6,25.3,24.8,21.6,22.2
A,PC,ED5-8,Y25-64,M,TRB2,10.2,10.6,10.2,11.5,12.8,13.6,17.2,18.5,17.4,16.2,15.4,16.1
A,PC,ED5-8,Y25-64,M,TRC1,14.2,14.4,16.2,16.8,15.7,15.7,17.6,20.3,18.7,19.8,22.4,22.8
A,PC,ED5-8,Y25-64,M,TRC2,10.1,11.8,11.6,13.8,15.6,13.8,14.8,14.4,15.9,17.5,17.1,15.5
A,PC,ED5-8,Y25-64,M,TRC3,11.9,11.0,14.0,16.5,17.0,17.9,18.6,19.0,18.9,18.2,18.0,19.2
A,PC,ED5-8,Y25-64,M,UKC1,26.8,29.4,32.7,29.6,29.6,29.5,28.9,,,,,
A,PC,ED5-8,Y25-64,M,UKC2,29.1,29.3,33.0,35.6,33.6,32.5,31.9,,,,,
A,PC,ED5-8,Y25-64,M,UKD1,32.4,29.4,28.3,33.2,31.1,29.1,30.9,,,,,
A,PC,ED5-8,Y25-64,M,UKD3,35.3,37.5,37.8,38.2,37.2,36.4,39.8,,,,,
A,PC,ED5-8,Y25-64,M,UKD4,28.7,27.2,32.0,35.4,34.9,35.1,37.0,,,,,
A,PC,ED5-8,Y25-64,M,UKD6,47.0,45.8,40.9,43.6,46.7,45.8,43.0,,,,,
A,PC,ED5-8,Y25-64,M,UKD7,30.1,31.1,29.5,32.9,33.8,31.9,34.4,,,,,
A,PC,ED5-8,Y25-64,M,UKE1,28.7,28.2,32.0,31.2,30.3,29.3,26.1,,,,,
A,PC,ED5-8,Y25-64,M,UKE2,42.1,40.6,38.7,40.0,41.0,45.8,40.2,,,,,
A,PC,ED5-8,Y25-64,M,UKE3,30.3,30.8,31.7,32.6,35.6,36.0,36.9,,,,,
A,PC,ED5-8,Y25-64,M,UKE4,31.4,32.9,32.7,33.8,32.5,33.6,35.3,,,,,
A,PC,ED5-8,Y25-64,M,UKF1,34.8,34.3,36.6,35.1,34.5,34.8,34.1,,,,,
A,PC,ED5-8,Y25-64,M,UKF2,34.4,34.3,32.6,34.2,35.6,37.1,36.1,,,,,
A,PC,ED5-8,Y25-64,M,UKF3,30.2,28.5,32.0,31.5,34.6,33.3,31.1,,,,,
A,PC,ED5-8,Y25-64,M,UKG1,38.0,38.3,42.1,40.9,38.2,37.9,37.0,,,,,
A,PC,ED5-8,Y25-64,M,UKG2,28.2,28.0,33.3,33.0,33.3,33.5,33.7,,,,,
A,PC,ED5-8,Y25-64,M,UKG3,28.3,30.7,33.3,32.2,30.7,30.2,35.1,,,,,
A,PC,ED5-8,Y25-64,M,UKH1,36.7,34.7,34.6,37.6,36.1,36.8,37.6,,,,,
A,PC,ED5-8,Y25-64,M,UKH2,41.2,45.5,41.7,45.4,44.4,45.0,46.3,,,,,
A,PC,ED5-8,Y25-64,M,UKH3,29.0,29.8,32.1,31.7,35.3,30.5,32.5,,,,,
A,PC,ED5-8,Y25-64,M,UKI3,67.1,68.6,71.8,75.8,73.7,73.7,73.8,,,,,
A,PC,ED5-8,Y25-64,M,UKI4,60.0,58.3,60.4,61.3,61.3,63.9,65.5,,,,,
A,PC,ED5-8,Y25-64,M,UKI5,41.0,42.2,42.6,44.2,45.0,45.2,45.2,,,,,
A,PC,ED5-8,Y25-64,M,UKI6,51.8,48.8,55.0,52.4,51.0,52.2,53.3,,,,,
A,PC,ED5-8,Y25-64,M,UKI7,54.2,51.2,50.8,55.4,54.2,55.4,61.9,,,,,
A,PC,ED5-8,Y25-64,M,UKJ1,47.9,52.1,50.1,49.8,52.1,52.6,52.2,,,,,
A,PC,ED5-8,Y25-64,M,UKJ2,43.0,44.6,45.3,45.3,45.5,47.2,47.2,,,,,
A,PC,ED5-8,Y25-64,M,UKJ3,42.1,43.1,39.7,38.6,40.6,39.5,45.6,,,,,
A,PC,ED5-8,Y25-64,M,UKJ4,33.7,34.5,35.2,36.0,33.5,33.4,38.7,,,,,
A,PC,ED5-8,Y25-64,M,UKK1,38.6,43.5,44.9,44.9,46.1,44.1,44.3,,,,,
A,PC,ED5-8,Y25-64,M,UKK2,35.8,36.6,38.8,40.6,37.6,38.0,41.2,,,,,
A,PC,ED5-8,Y25-64,M,UKK3,27.9,32.1,26.5,30.7,36.3,35.3,39.0,,,,,
A,PC,ED5-8,Y25-64,M,UKK4,31.9,36.0,37.6,35.8,39.5,40.1,37.0,,,,,
A,PC,ED5-8,Y25-64,M,UKL1,31.6,30.6,33.8,31.8,32.4,32.4,32.3,,,,,
A,PC,ED5-8,Y25-64,M,UKL2,38.6,40.9,42.3,43.4,43.5,41.8,42.5,,,,,
A,PC,ED5-8,Y25-64,M,UKM5,42.9,45.2,48.3,43.2,46.5,38.8,52.9,,,,,
A,PC,ED5-8,Y25-64,M,UKM6,40.9,39.9,32.8,36.1,43.4,43.5,40.5,,,,,
A,PC,ED5-8,Y25-64,M,UKM7,44.8,45.9,48.1,48.1,48.3,49.3,50.3,,,,,
A,PC,ED5-8,Y25-64,M,UKM8,40.4,43.0,42.7,46.3,42.3,40.0,43.3,,,,,
A,PC,ED5-8,Y25-64,M,UKM9,31.8,37.1,34.4,40.2,35.9,38.4,42.6,,,,,
A,PC,ED5-8,Y25-64,M,UKN0,30.2,31.1,30.3,31.7,34.1,33.9,36.8,,,,,
A,PC,ED5-8,Y25-64,T,AT11,15.8,25.7,28.5,27.9,28.0,28.4,30.7,33.1,31.4,31.4,33.2,34.7
A,PC,ED5-8,Y25-64,T,AT12,17.6,29.1,30.3,30.2,32.0,31.9,32.4,33.0,33.9,34.1,36.0,38.0
A,PC,ED5-8,Y25-64,T,AT13,30.6,39.1,39.3,39.9,42.1,42.3,42.9,42.7,44.5,45.6,46.3,46.5
A,PC,ED5-8,Y25-64,T,AT21,17.3,28.8,28.3,29.4,29.7,30.6,30.8,32.1,33.6,33.3,33.8,35.4
A,PC,ED5-8,Y25-64,T,AT22,17.5,25.7,26.7,27.4,27.8,28.7,30.1,31.1,30.2,32.2,33.1,33.6
A,PC,ED5-8,Y25-64,T,AT31,17.2,26.7,27.5,29.1,29.2,29.0,31.8,31.1,30.5,32.4,33.1,33.8
A,PC,ED5-8,Y25-64,T,AT32,21.8,29.8,30.2,31.5,31.2,32.3,32.8,32.5,33.6,33.2,36.1,34.7
A,PC,ED5-8,Y25-64,T,AT33,19.1,27.0,26.4,28.2,29.0,29.9,29.9,31.9,31.4,31.9,32.2,33.3
A,PC,ED5-8,Y25-64,T,AT34,19.0,25.6,26.5,27.7,28.1,27.6,28.4,29.2,28.6,29.9,29.4,30.6
A,PC,ED5-8,Y25-64,T,BE10,41.5,43.5,43.4,44.1,46.6,47.5,47.1,49.3,52.2,53.5,53.8,53.7
A,PC,ED5-8,Y25-64,T,BE21,35.4,38.1,37.6,34.9,38.2,40.0,40.0,41.0,43.5,47.1,46.1,46.1
A,PC,ED5-8,Y25-64,T,BE22,28.7,31.1,32.1,32.9,35.4,35.8,36.7,37.7,39.2,43.7,42.2,38.5
A,PC,ED5-8,Y25-64,T,BE23,37.3,36.7,37.5,39.6,42.6,42.8,41.5,44.1,50.0,49.6,46.8,48.5
A,PC,ED5-8,Y25-64,T,BE24,44.3,45.8,44.7,47.3,50.7,48.7,49.2,51.4,53.2,51.6,50.0,51.0
A,PC,ED5-8,Y25-64,T,BE25,32.8,33.0,32.8,35.2,37.4,37.3,37.3,38.7,39.5,39.8,40.0,39.1
A,PC,ED5-8,Y25-64,T,BE31,51.2,51.9,54.1,52.2,57.1,58.4,55.7,59.7,59.7,60.7,62.0,63.6
A,PC,ED5-8,Y25-64,T,BE32,28.0,28.1,27.2,30.0,31.1,31.4,32.0,32.4,33.5,34.2,34.3,34.5
A,PC,ED5-8,Y25-64,T,BE33,31.9,33.1,33.9,33.4,35.6,35.9,37.5,39.7,42.4,41.5,38.6,40.7
A,PC,ED5-8,Y25-64,T,BE34,31.4,35.1,36.9,35.1,37.1,38.8,40.7,42.5,44.6,42.1,40.4,41.8
A,PC,ED5-8,Y25-64,T,BE35,33.5,36.7,35.3,34.9,40.2,39.2,37.7,40.8,42.8,43.3,44.1,42.9
A,PC,ED5-8,Y25-64,T,BG31,19.4,20.6,21.5,19.9,19.9,20.6,19.3,20.8,19.8,18.8,21.0,26.3
A,PC,ED5-8,Y25-64,T,BG32,22.0,22.7,23.5,24.4,23.0,25.2,26.6,26.3,26.6,26.3,26.4,30.8
A,PC,ED5-8,Y25-64,T,BG33,25.2,27.0,25.4,25.5,26.9,25.3,23.2,23.3,25.9,28.7,30.3,35.9
A,PC,ED5-8,Y25-64,T,BG34,20.5,20.9,21.9,21.8,21.7,21.5,21.3,22.9,22.7,21.8,22.9,27.9
A,PC,ED5-8,Y25-64,T,BG41,35.1,37.5,38.6,39.4,39.2,39.8,39.5,42.7,43.1,43.2,41.8,42.9
A,PC,ED5-8,Y25-64,T,BG42,20.5,21.4,21.5,21.5,22.2,22.7,22.5,22.0,22.6,22.8,24.9,27.7
A,PC,ED5-8,Y25-64,T,CH01,37.8,38.7,39.2,40.9,42.2,43.6,43.7,43.5,43.7,43.5,45.2,45.9
A,PC,ED5-8,Y25-64,T,CH02,35.3,36.3,37.5,37.7,39.4,39.7,40.4,41.5,41.1,40.8,41.8,42.1
A,PC,ED5-8,Y25-64,T,CH03,39.1,39.7,40.6,41.7,43.1,44.6,45.9,46.7,45.1,44.8,46.2,46.1
A,PC,ED5-8,Y25-64,T,CH04,45.1,45.8,48.4,50.8,51.6,52.4,54.3,55.9,55.6,55.2,56.8,57.5
A,PC,ED5-8,Y25-64,T,CH05,31.4,33.2,34.2,35.2,36.4,38.2,39.1,40.1,39.6,39.2,40.1,39.7
A,PC,ED5-8,Y25-64,T,CH06,35.5,36.5,37.6,41.9,43.3,44.3,42.9,43.8,44.6,44.1,45.7,47.1
A,PC,ED5-8,Y25-64,T,CH07,31.3,33.2,36.8,35.8,38.0,41.1,40.0,40.6,39.2,39.5,41.9,43.1
A,PC,ED5-8,Y25-64,T,CY00,39.3,40.3,40.5,41.9,42.5,44.1,44.6,45.0,47.0,48.0,50.7,51.4
A,PC,ED5-8,Y25-64,T,CZ01,38.4,40.3,40.5,43.3,45.6,46.4,45.5,45.9,49.8,51.5,53.2,52.5
A,PC,ED5-8,Y25-64,T,CZ02,19.9,21.7,21.6,21.4,21.9,23.6,23.2,24.2,25.6,24.9,25.1,23.2
A,PC,ED5-8,Y25-64,T,CZ03,18.0,17.6,18.7,19.1,20.0,20.1,20.3,19.8,21.6,21.7,24.1,24.1
A,PC,ED5-8,Y25-64,T,CZ04,12.5,14.3,13.4,14.2,14.3,13.9,15.2,13.7,15.1,15.6,16.7,17.3
A,PC,ED5-8,Y25-64,T,CZ05,16.8,17.9,18.2,18.9,20.3,20.6,20.1,20.5,20.9,22.9,21.2,22.0
A,PC,ED5-8,Y25-64,T,CZ06,22.6,23.3,24.3,25.6,25.5,25.8,26.0,27.7,27.7,27.2,28.2,29.3
A,PC,ED5-8,Y25-64,T,CZ07,16.2,18.7,20.1,19.1,19.7,19.5,20.0,22.3,24.5,24.0,22.3,23.3
A,PC,ED5-8,Y25-64,T,CZ08,17.6,16.7,18.8,19.8,21.6,21.1,20.3,21.1,22.5,22.4,22.0,24.1
A,PC,ED5-8,Y25-64,T,DE11,32.5,30.8,32.4,33.1,32.6,32.7,34.3,34.7,35.5,36.2,37.0,38.0
A,PC,ED5-8,Y25-64,T,DE12,31.0,29.9,31.2,32.2,31.4,31.2,33.0,34.5,34.2,36.2,37.0,37.4
A,PC,ED5-8,Y25-64,T,DE13,29.7,27.0,27.7,29.0,28.9,29.5,30.9,33.6,33.6,33.2,34.0,36.4
A,PC,ED5-8,Y25-64,T,DE14,33.1,30.5,30.6,30.8,30.9,30.6,31.9,32.2,33.1,35.0,37.3,39.7
A,PC,ED5-8,Y25-64,T,DE21,37.0,37.1,37.1,38.4,39.5,40.6,40.5,41.8,43.2,42.3,42.6,44.1
A,PC,ED5-8,Y25-64,T,DE22,23.2,21.1,21.1,21.9,22.1,21.5,22.8,24.4,27.4,27.2,26.0,26.9
A,PC,ED5-8,Y25-64,T,DE23,26.7,25.2,25.0,24.8,24.4,24.9,26.1,29.7,31.1,30.4,31.4,32.3
A,PC,ED5-8,Y25-64,T,DE24,26.1,24.4,23.5,23.2,24.8,24.7,26.1,27.7,30.6,27.4,26.3,28.6
A,PC,ED5-8,Y25-64,T,DE25,28.9,27.8,28.4,29.4,30.1,30.7,30.9,33.8,32.8,33.5,36.0,36.3
A,PC,ED5-8,Y25-64,T,DE26,28.4,25.7,26.9,27.2,27.7,27.4,28.8,31.3,30.8,29.8,32.3,32.3
A,PC,ED5-8,Y25-64,T,DE27,26.2,25.2,25.6,24.4,25.9,26.7,27.9,32.4,30.4,29.8,31.2,33.4
A,PC,ED5-8,Y25-64,T,DE30,36.9,36.1,36.6,39.1,40.5,42.1,43.1,42.9,46.7,48.2,45.1,45.3
A,PC,ED5-8,Y25-64,T,DE40,30.0,27.7,27.7,27.2,26.9,28.2,28.8,29.2,31.3,29.5,30.4,32.1
A,PC,ED5-8,Y25-64,T,DE50,26.5,26.5,26.2,27.6,28.4,28.4,28.8,30.8,33.6,31.0,29.9,31.0
A,PC,ED5-8,Y25-64,T,DE60,31.6,33.6,34.9,36.4,35.7,36.9,37.1,36.7,41.4,38.1,40.0,41.8
A,PC,ED5-8,Y25-64,T,DE71,32.5,32.0,32.3,33.3,34.4,33.9,34.8,32.7,34.1,34.6,37.1,38.2
A,PC,ED5-8,Y25-64,T,DE72,29.4,25.8,27.2,28.1,28.6,27.5,28.8,30.0,31.0,31.3,30.9,32.0
A,PC,ED5-8,Y25-64,T,DE73,26.3,22.5,23.1,24.1,25.6,25.4,25.8,28.1,26.9,25.9,27.4,29.2
A,PC,ED5-8,Y25-64,T,DE80,26.3,24.1,25.5,25.8,26.5,25.5,26.0,27.3,27.3,25.5,27.0,28.0
A,PC,ED5-8,Y25-64,T,DE91,25.7,25.3,26.2,25.1,27.2,28.5,29.2,32.0,31.2,32.8,34.4,34.9
A,PC,ED5-8,Y25-64,T,DE92,27.0,25.2,26.0,25.4,25.7,27.4,28.3,28.3,30.2,30.5,31.0,33.7
A,PC,ED5-8,Y25-64,T,DE93,23.2,21.6,23.0,22.5,23.1,23.5,24.0,26.9,26.7,27.7,27.3,30.5
A,PC,ED5-8,Y25-64,T,DE94,22.3,20.6,20.8,20.0,20.6,21.5,22.8,25.0,26.5,27.9,27.5,29.0
A,PC,ED5-8,Y25-64,T,DEA1,24.6,23.8,24.8,26.5,26.1,25.9,26.5,28.9,29.3,28.7,29.3,29.8
A,PC,ED5-8,Y25-64,T,DEA2,29.3,28.3,28.5,30.3,30.3,30.5,30.9,32.2,34.8,34.4,37.0,36.9
A,PC,ED5-8,Y25-64,T,DEA3,24.7,22.7,24.1,24.5,23.8,24.4,25.7,26.6,27.4,27.4,27.6,28.8
A,PC,ED5-8,Y25-64,T,DEA4,23.2,21.7,22.0,23.0,22.8,23.5,24.0,25.9,26.6,26.7,28.5,31.5
A,PC,ED5-8,Y25-64,T,DEA5,22.2,20.9,22.0,22.7,22.4,22.7,23.1,25.5,26.7,26.4,27.3,26.0
A,PC,ED5-8,Y25-64,T,DEB1,22.7,21.9,22.2,23.2,24.3,25.5,26.4,27.3,27.2,26.2,27.6,30.2
A,PC,ED5-8,Y25-64,T,DEB2,27.5,25.7,25.2,26.1,27.5,28.4,29.4,31.6,28.9,29.9,29.2,29.4
A,PC,ED5-8,Y25-64,T,DEB3,28.7,26.7,27.8,27.7,27.1,28.5,30.1,32.7,31.8,32.5,33.8,36.6
A,PC,ED5-8,Y25-64,T,DEC0,22.6,19.9,19.7,23.0,23.0,24.5,25.0,26.3,27.3,26.8,26.6,27.2
A,PC,ED5-8,Y25-64,T,DED2,34.1,31.0,31.1,31.4,31.5,32.2,31.5,32.1,33.7,34.2,35.5,37.4
A,PC,ED5-8,Y25-64,T,DED4,29.7,24.8,25.8,23.9,24.2,24.7,25.3,27.0,25.5,25.0,24.3,27.0
A,PC,ED5-8,Y25-64,T,DED5,35.3,30.0,30.7,31.3,32.3,32.9,34.3,37.0,36.9,35.9,36.0,38.1
A,PC,ED5-8,Y25-64,T,DEE0,25.7,23.7,23.4,22.9,22.2,21.5,23.1,22.6,25.1,25.3,25.6,25.8
A,PC,ED5-8,Y25-64,T,DEF0,24.8,23.4,23.8,24.1,24.2,24.4,24.7,26.9,28.3,26.5,29.1,31.8
A,PC,ED5-8,Y25-64,T,DEG0,30.0,27.0,26.4,26.9,26.8,28.3,28.3,29.1,28.4,27.8,27.9,29.1
A,PC,ED5-8,Y25-64,T,DK01,46.9,47.5,47.8,49.4,49.9,51.1,52.7,53.0,54.1,53.1,55.1,57.1
A,PC,ED5-8,Y25-64,T,DK02,28.9,28.8,29.3,29.1,31.1,30.8,30.3,30.4,32.1,32.9,33.1,35.3
A,PC,ED5-8,Y25-64,T,DK03,28.3,29.3,30.1,30.3,32.5,32.5,33.1,33.5,33.9,34.7,35.1,38.4
A,PC,ED5-8,Y25-64,T,DK04,33.1,33.1,34.2,36.2,37.0,37.7,39.4,38.9,40.2,41.3,41.2,43.0
A,PC,ED5-8,Y25-64,T,DK05,27.5,27.0,28.9,30.8,31.5,32.1,31.6,32.0,35.0,34.8,35.1,35.4
A,PC,ED5-8,Y25-64,T,EA20,27.9,28.5,29.2,29.8,30.5,31.4,32.4,33.6,34.4,34.9,35.6,36.5
A,PC,ED5-8,Y25-64,T,EE00,37.4,37.6,36.7,37.7,38.4,39.1,39.5,40.1,41.2,42.1,41.6,41.8
A,PC,ED5-8,Y25-64,T,EL30,35.2,36.3,37.0,38.0,38.4,39.3,40.2,41.0,45.0,45.6,43.7,44.6
A,PC,ED5-8,Y25-64,T,EL41,27.4,25.3,22.9,25.6,24.2,24.5,26.9,29.3,27.9,26.7,26.7,26.5
A,PC,ED5-8,Y25-64,T,EL42,17.2,17.8,19.1,17.4,20.4,20.8,22.2,22.5,24.1,28.6,20.1,22.2
A,PC,ED5-8,Y25-64,T,EL43,21.6,22.0,24.1,26.8,27.9,26.6,26.3,28.0,27.6,28.9,28.4,28.5
A,PC,ED5-8,Y25-64,T,EL51,19.5,20.5,22.6,24.6,25.0,25.1,23.8,24.4,24.9,27.6,24.5,23.7
A,PC,ED5-8,Y25-64,T,EL52,27.1,27.3,29.1,31.3,31.1,31.7,31.4,32.2,33.3,33.1,34.2,37.1
A,PC,ED5-8,Y25-64,T,EL53,20.1,22.3,21.9,21.8,24.5,26.0,27.1,26.6,27.7,27.6,28.5,28.3
A,PC,ED5-8,Y25-64,T,EL54,25.6,24.6,25.8,28.2,30.0,33.8,31.8,31.6,30.0,30.9,36.3,38.4
A,PC,ED5-8,Y25-64,T,EL61,25.1,26.3,26.1,25.6,28.6,32.1,31.8,30.3,32.8,33.5,33.1,34.3
A,PC,ED5-8,Y25-64,T,EL62,17.0,17.7,19.5,20.8,20.1,22.8,24.6,23.7,18.8,18.5,22.3,19.6
A,PC,ED5-8,Y25-64,T,EL63,21.6,22.6,22.9,22.7,23.8,21.9,20.6,25.0,26.0,25.4,27.8,25.6
A,PC,ED5-8,Y25-64,T,EL64,18.3,17.9,19.0,21.1,23.3,23.6,23.2,25.2,24.7,22.7,20.0,21.1
A,PC,ED5-8,Y25-64,T,EL65,19.1,19.3,20.8,21.4,23.0,23.8,23.8,23.9,24.7,26.5,26.2,26.1
A,PC,ED5-8,Y25-64,T,ES11,32.1,33.4,35.2,35.7,36.5,36.9,37.9,40.3,41.4,42.2,41.4,42.2
A,PC,ED5-8,Y25-64,T,ES12,37.7,38.7,39.6,40.7,41.6,43.1,43.3,44.2,44.6,43.3,43.6,44.3
A,PC,ED5-8,Y25-64,T,ES13,37.2,37.4,38.1,39.1,40.4,40.6,42.0,42.5,43.5,45.3,49.4,48.8
A,PC,ED5-8,Y25-64,T,ES21,46.8,47.0,47.8,48.6,49.7,49.6,50.8,53.4,55.0,55.0,55.7,56.2
A,PC,ED5-8,Y25-64,T,ES22,40.3,42.7,42.3,44.5,45.5,45.4,47.1,48.4,48.7,48.3,48.3,50.1
A,PC,ED5-8,Y25-64,T,ES23,35.2,36.9,39.3,37.4,37.9,38.7,38.3,38.5,40.0,41.8,40.2,41.6
A,PC,ED5-8,Y25-64,T,ES24,34.8,35.7,35.6,36.3,36.6,38.4,39.3,39.7,40.5,42.5,42.9,41.3
A,PC,ED5-8,Y25-64,T,ES30,46.0,47.2,46.9,46.6,47.0,47.2,49.1,50.2,49.7,49.8,50.5,50.9
A,PC,ED5-8,Y25-64,T,ES41,33.7,34.5,34.7,34.3,35.3,36.2,38.4,39.0,39.3,39.8,40.8,42.0
A,PC,ED5-8,Y25-64,T,ES42,26.2,27.2,27.5,27.4,27.6,28.4,30.0,30.8,31.3,31.4,32.7,33.6
A,PC,ED5-8,Y25-64,T,ES43,24.5,26.8,26.5,25.1,26.5,26.5,26.8,26.7,29.2,31.8,34.5,35.1
A,PC,ED5-8,Y25-64,T,ES51,34.8,37.0,37.5,38.6,39.3,40.8,42.4,42.3,42.5,43.6,44.8,45.9
A,PC,ED5-8,Y25-64,T,ES52,30.8,32.0,32.5,32.9,33.3,35.7,36.9,38.0,38.2,37.2,38.6,38.2
A,PC,ED5-8,Y25-64,T,ES53,26.8,27.9,27.2,29.2,31.2,29.7,31.9,34.8,36.3,33.8,33.5,34.6
A,PC,ED5-8,Y25-64,T,ES61,27.3,27.6,28.3,29.1,29.6,30.3,31.2,32.5,34.0,35.0,35.8,36.2
A,PC,ED5-8,Y25-64,T,ES62,28.2,27.1,27.9,28.4,29.9,31.2,31.5,32.8,33.7,30.9,32.7,33.0
A,PC,ED5-8,Y25-64,T,ES63,23.0,22.5,28.1,28.2,25.2,26.5,22.1,25.7,24.7,21.1,21.2,35.9
A,PC,ED5-8,Y25-64,T,ES64,26.2,28.8,28.0,26.9,28.6,29.9,30.6,34.3,34.5,34.0,32.8,31.8
A,PC,ED5-8,Y25-64,T,ES70,27.3,27.0,26.6,29.4,29.6,30.5,32.8,34.4,35.6,36.6,34.3,35.4
A,PC,ED5-8,Y25-64,T,FI19,38.5,39.2,40.9,41.2,41.4,42.2,43.8,45.9,40.1,40.7,41.6,41.4
A,PC,ED5-8,Y25-64,T,FI1B,49.3,50.2,51.3,51.6,51.4,52.0,53.7,54.9,49.8,50.5,49.3,49.1
A,PC,ED5-8,Y25-64,T,FI1C,36.2,38.1,38.9,38.8,39.8,40.9,42.6,43.5,38.0,37.3,37.8,38.5
A,PC,ED5-8,Y25-64,T,FI1D,35.2,36.8,36.7,37.5,39.1,39.5,40.3,42.0,37.6,38.2,38.0,37.9
A,PC,ED5-8,Y25-64,T,FI20,33.8,32.0,29.9,29.2,30.4,36.4,34.8,41.6,37.5,36.1,32.3,32.4
A,PC,ED5-8,Y25-64,T,FR10,41.9,43.9,46.3,47.3,47.9,49.3,51.5,54.3,54.4,55.0,56.5,56.5
A,PC,ED5-8,Y25-64,T,FRB0,27.1,27.4,29.0,29.4,30.3,31.8,31.7,31.9,32.7,34.9,37.8,38.7
A,PC,ED5-8,Y25-64,T,FRC1,26.8,27.6,25.9,27.7,30.3,30.2,31.9,35.0,35.9,34.5,36.4,36.0
A,PC,ED5-8,Y25-64,T,FRC2,28.2,27.3,25.7,30.4,32.5,30.1,29.1,33.8,32.7,36.8,36.9,36.8
A,PC,ED5-8,Y25-64,T,FRD1,25.8,24.4,26.9,25.3,23.8,28.5,28.2,32.6,34.6,33.8,38.6,39.6
A,PC,ED5-8,Y25-64,T,FRD2,25.2,24.8,27.7,27.1,27.4,27.0,28.9,31.8,33.8,35.4,35.0,36.9
A,PC,ED5-8,Y25-64,T,FRE1,27.6,29.0,27.8,28.6,29.7,31.9,33.0,32.1,35.8,34.6,34.9,38.0
A,PC,ED5-8,Y25-64,T,FRE2,21.4,22.0,24.1,22.7,24.1,28.1,28.1,32.6,31.6,31.8,32.6,33.9
A,PC,ED5-8,Y25-64,T,FRF1,29.9,30.5,32.4,33.7,32.0,33.0,35.4,39.0,37.7,40.5,44.5,44.7
A,PC,ED5-8,Y25-64,T,FRF2,24.7,23.3,23.6,22.9,24.9,28.3,27.1,24.8,31.3,28.9,30.1,35.4
A,PC,ED5-8,Y25-64,T,FRF3,27.6,28.1,30.5,30.2,30.5,28.9,33.0,32.5,31.1,30.3,32.2,33.9
A,PC,ED5-8,Y25-64,T,FRG0,28.2,30.4,32.4,32.2,33.3,34.6,35.1,35.9,38.6,40.0,38.7,40.5
A,PC,ED5-8,Y25-64,T,FRH0,33.3,33.6,32.8,33.8,34.0,37.7,37.7,38.1,40.4,42.1,40.2,40.1
A,PC,ED5-8,Y25-64,T,FRI1,29.0,32.8,33.5,32.4,34.4,35.4,35.7,36.0,39.9,41.2,40.5,42.0
A,PC,ED5-8,Y25-64,T,FRI2,27.7,29.4,30.1,32.2,30.7,32.0,33.1,33.8,37.0,35.9,40.7,40.9
A,PC,ED5-8,Y25-64,T,FRI3,23.2,26.1,26.6,27.4,30.0,30.9,30.4,33.4,33.3,36.8,36.6,38.5
A,PC,ED5-8,Y25-64,T,FRJ1,29.0,31.4,31.3,31.2,32.0,33.3,34.5,41.0,38.4,37.6,38.9,41.6
A,PC,ED5-8,Y25-64,T,FRJ2,39.9,41.8,39.9,38.8,38.6,44.2,44.6,43.3,44.2,44.3,46.3,47.8
A,PC,ED5-8,Y25-64,T,FRK1,26.6,25.9,28.8,31.1,27.8,29.6,31.1,31.2,30.2,33.8,34.9,35.9
A,PC,ED5-8,Y25-64,T,FRK2,34.4,37.1,37.5,38.3,39.2,40.7,41.8,43.2,44.6,46.8,46.9,47.0
A,PC,ED5-8,Y25-64,T,FRL0,33.2,35.0,35.3,35.8,36.2,37.9,38.8,40.0,40.8,41.9,42.1,42.3
A,PC,ED5-8,Y25-64,T,FRM0,23.1,24.1,23.3,36.0,35.5,27.5,26.2,39.3,27.8,32.2,32.5,30.3
A,PC,ED5-8,Y25-64,T,FRY1,,18.7,21.6,21.5,22.0,22.3,24.5,23.3,23.4,24.2,27.5,29.0
A,PC,ED5-8,Y25-64,T,FRY2,,23.3,26.0,24.1,24.2,26.5,25.6,27.1,29.4,29.3,29.2,29.1
A,PC,ED5-8,Y25-64,T,FRY3,,18.4,20.1,18.4,19.6,21.1,22.1,18.7,18.2,22.0,23.7,21.3
A,PC,ED5-8,Y25-64,T,FRY4,,19.6,21.4,20.9,21.2,22.7,22.6,22.9,24.4,24.0,24.4,24.2
A,PC,ED5-8,Y25-64,T,HR02,,,,16.4,15.0,14.2,14.9,17.0,17.8,17.4,17.1,17.9
A,PC,ED5-8,Y25-64,T,HR03,21.6,22.7,24.7,22.8,23.7,26.7,27.1,26.5,24.9,25.1,28.8,31.0
A,PC,ED5-8,Y25-64,T,HR04,20.5,21.3,22.0,,,,,,,,,
A,PC,ED5-8,Y25-64,T,HR05,,,,38.9,41.4,43.8,42.8,43.1,43.9,44.5,48.9,51.3
A,PC,ED5-8,Y25-64,T,HR06,,,,17.2,18.0,18.8,18.0,17.4,18.1,20.1,22.3,23.5
A,PC,ED5-8,Y25-64,T,HU11,40.4,42.5,44.7,41.9,41.7,46.5,47.5,49.8,55.6,55.8,56.2,59.1
A,PC,ED5-8,Y25-64,T,HU12,22.9,24.8,26.2,26.2,26.9,26.0,27.1,30.0,33.0,32.3,33.3,34.1
A,PC,ED5-8,Y25-64,T,HU21,19.0,17.6,19.4,19.1,20.1,19.7,21.2,22.2,23.2,22.6,23.0,23.6
A,PC,ED5-8,Y25-64,T,HU22,17.8,19.7,20.1,19.0,20.8,20.3,22.1,25.0,25.3,22.8,22.9,24.6
A,PC,ED5-8,Y25-64,T,HU23,18.3,17.9,18.5,18.9,18.4,18.0,18.3,18.4,20.4,22.0,22.3,22.1
A,PC,ED5-8,Y25-64,T,HU31,16.7,17.1,17.9,17.2,17.5,17.5,17.1,16.9,18.8,20.0,20.4,21.0
A,PC,ED5-8,Y25-64,T,HU32,17.8,17.7,17.1,17.1,17.4,18.5,19.4,19.3,20.1,20.8,21.6,21.9
A,PC,ED5-8,Y25-64,T,HU33,18.2,18.9,18.8,20.0,19.6,20.8,21.5,21.6,22.1,22.8,22.2,23.5
A,PC,ED5-8,Y25-64,T,IE04,38.6,38.4,39.2,39.9,41.5,41.2,42.5,46.4,48.7,49.6,52.0,54.0
A,PC,ED5-8,Y25-64,T,IE05,39.1,38.9,40.3,40.9,42.6,42.5,43.2,45.6,49.4,50.5,50.4,53.3
A,PC,ED5-8,Y25-64,T,IE06,46.4,47.9,49.2,49.6,50.7,51.7,51.5,53.9,56.5,57.0,58.0,59.6
A,PC,ED5-8,Y25-64,T,IS00,36.1,37.3,39.0,40.5,42.5,43.8,45.2,43.7,42.6,42.9,44.0,46.3
A,PC,ED5-8,Y25-64,T,ITC1,15.9,16.2,16.6,17.0,18.1,19.3,19.3,19.6,20.0,19.9,20.9,21.2
A,PC,ED5-8,Y25-64,T,ITC2,16.1,15.2,15.5,15.8,18.0,18.8,18.9,18.8,18.9,19.6,20.8,21.4
A,PC,ED5-8,Y25-64,T,ITC3,20.0,19.3,19.7,19.6,19.6,22.0,22.0,21.7,21.9,22.3,23.5,23.8
A,PC,ED5-8,Y25-64,T,ITC4,17.2,17.9,19.3,19.3,20.4,21.3,21.2,21.6,21.2,21.8,23.5,23.9
A,PC,ED5-8,Y25-64,T,ITF1,17.5,16.5,17.0,17.0,18.3,19.3,20.6,21.0,21.2,21.6,22.2,23.8
A,PC,ED5-8,Y25-64,T,ITF2,16.7,17.0,18.0,18.4,19.7,19.6,19.2,19.2,19.5,20.2,21.9,23.1
A,PC,ED5-8,Y25-64,T,ITF3,14.3,14.3,14.9,15.2,15.5,15.6,15.7,16.1,16.5,16.9,17.8,18.7
A,PC,ED5-8,Y25-64,T,ITF4,13.2,14.0,13.3,13.3,14.0,14.8,15.3,15.3,15.8,16.2,17.5,18.0
A,PC,ED5-8,Y25-64,T,ITF5,15.1,15.1,15.5,15.9,16.5,15.9,17.0,17.6,17.6,17.5,19.7,20.2
A,PC,ED5-8,Y25-64,T,ITF6,14.0,15.2,15.7,15.1,15.1,15.2,15.9,15.8,16.2,16.6,19.0,20.1
A,PC,ED5-8,Y25-64,T,ITG1,13.4,13.3,13.2,13.1,13.6,14.0,14.2,14.6,14.8,15.2,16.8,17.8
A,PC,ED5-8,Y25-64,T,ITG2,14.0,13.1,14.7,15.0,16.2,16.0,17.5,18.0,17.4,17.9,18.6,19.0
A,PC,ED5-8,Y25-64,T,ITH1,14.8,16.2,16.3,16.5,16.8,17.7,17.1,17.7,17.6,18.1,18.9,19.1
A,PC,ED5-8,Y25-64,T,ITH2,16.6,18.3,18.7,18.7,20.8,21.2,21.3,22.1,21.8,21.4,23.5,23.7
A,PC,ED5-8,Y25-64,T,ITH3,14.9,15.4,15.9,16.2,17.9,18.9,19.4,20.0,19.7,19.7,20.5,21.7
A,PC,ED5-8,Y25-64,T,ITH4,17.3,17.2,17.6,17.4,19.9,21.1,20.7,21.3,21.2,21.3,22.0,24.1
A,PC,ED5-8,Y25-64,T,ITH5,17.8,18.7,20.3,20.7,21.2,22.1,22.9,23.4,23.3,22.8,23.7,24.9
A,PC,ED5-8,Y25-64,T,ITI1,17.0,17.4,19.3,20.3,20.7,21.4,21.0,20.8,20.8,21.5,22.4,23.3
A,PC,ED5-8,Y25-64,T,ITI2,20.2,20.1,19.8,20.7,21.2,20.7,22.3,23.0,22.5,22.5,23.8,25.6
A,PC,ED5-8,Y25-64,T,ITI3,18.3,18.6,18.5,19.2,20.7,20.5,21.5,21.5,21.6,22.6,23.2,24.2
A,PC,ED5-8,Y25-64,T,ITI4,21.0,23.3,23.3,23.1,24.9,25.7,26.3,26.5,26.1,26.7,28.4,28.3
A,PC,ED5-8,Y25-64,T,LT01,45.8,47.3,50.5,52.4,53.3,54.7,55.9,58.6,60.6,62.1,62.0,61.8
A,PC,ED5-8,Y25-64,T,LT02,31.0,32.6,34.1,34.6,34.7,36.0,37.6,37.8,38.5,39.7,39.4,41.0
A,PC,ED5-8,Y25-64,T,LU00,40.7,45.9,41.1,42.6,39.9,44.1,47.0,47.1,50.5,52.3,51.9,54.7
A,PC,ED5-8,Y25-64,T,LV00,31.0,30.2,31.6,33.4,33.9,33.9,35.7,37.8,39.0,39.5,39.2,40.1
A,PC,ED5-8,Y25-64,T,ME00,21.8,24.0,23.5,25.3,24.8,24.0,25.8,25.6,,,,
A,PC,ED5-8,Y25-64,T,MK00,17.2,17.6,18.8,20.7,20.7,20.3,21.3,23.2,,,,
A,PC,ED5-8,Y25-64,T,MT00,19.6,21.2,21.6,22.1,23.9,26.9,29.7,30.8,32.1,31.8,33.2,36.1
A,PC,ED5-8,Y25-64,T,NL11,33.1,31.6,33.7,36.3,36.0,36.2,37.9,40.6,41.9,42.4,43.9,44.6
A,PC,ED5-8,Y25-64,T,NL12,27.2,26.0,25.4,27.2,29.0,31.8,33.3,34.3,33.5,34.1,37.4,36.5
A,PC,ED5-8,Y25-64,T,NL13,26.9,27.8,28.6,28.9,28.6,31.1,33.8,34.6,35.8,36.6,35.4,35.1
A,PC,ED5-8,Y25-64,T,NL21,30.3,31.6,31.4,32.0,34.2,33.4,34.3,37.7,39.9,40.9,39.4,40.4
A,PC,ED5-8,Y25-64,T,NL22,32.9,34.0,34.0,33.4,34.3,35.3,37.7,38.1,42.7,42.4,41.8,43.3
A,PC,ED5-8,Y25-64,T,NL23,29.3,29.2,30.0,30.1,33.0,30.2,32.4,35.0,35.0,35.9,37.9,36.5
A,PC,ED5-8,Y25-64,T,NL31,44.7,45.6,46.8,46.8,48.8,51.2,52.7,55.7,51.5,56.1,,
A,PC,ED5-8,Y25-64,T,NL32,39.2,40.8,41.6,42.9,44.4,45.4,48.5,49.9,49.1,51.6,50.7,50.8
A,PC,ED5-8,Y25-64,T,NL33,34.8,34.2,36.1,36.6,37.6,38.9,40.8,44.2,44.7,45.7,,
A,PC,ED5-8,Y25-64,T,NL34,23.8,24.9,25.1,26.1,27.8,29.1,29.7,31.8,29.8,32.1,29.8,30.4
A,PC,ED5-8,Y25-64,T,NL35,,,,,,,,,,,56.4,56.5
A,PC,ED5-8,Y25-64,T,NL36,,,,,,,,,,,45.2,45.2
A,PC,ED5-8,Y25-64,T,NL41,32.2,33.2,33.2,34.4,34.4,36.0,38.1,41.1,40.0,43.0,42.6,43.1
A,PC,ED5-8,Y25-64,T,NL42,27.4,27.1,29.4,29.3,30.9,32.2,33.6,34.6,38.4,37.8,36.9,37.2
A,PC,ED5-8,Y25-64,T,NO01,51.0,53.4,53.5,,,,,,,,,
A,PC,ED5-8,Y25-64,T,NO02,30.4,33.6,33.8,35.5,36.3,33.9,32.5,35.3,38.4,39.2,39.8,41.4
A,PC,ED5-8,Y25-64,T,NO03,34.7,36.3,37.2,,,,,,,,,
A,PC,ED5-8,Y25-64,T,NO04,36.9,38.5,39.9,,,,,,,,,
A,PC,ED5-8,Y25-64,T,NO05,38.6,42.3,43.2,,,,,,,,,
A,PC,ED5-8,Y25-64,T,NO06,37.9,40.7,44.0,43.2,43.0,44.4,44.4,46.4,48.6,47.3,48.3,49.5
A,PC,ED5-8,Y25-64,T,NO07,35.2,38.9,38.7,39.5,39.2,40.3,40.5,40.3,40.0,42.9,42.5,41.9
A,PC,ED5-8,Y25-64,T,NO08,,,,48.4,48.5,48.3,49.3,50.0,51.7,51.9,53.8,55.6
A,PC,ED5-8,Y25-64,T,NO09,,,,36.9,37.3,37.5,39.1,39.3,41.2,42.3,41.8,41.5
A,PC,ED5-8,Y25-64,T,NO0A,,,,42.4,42.0,43.6,43.1,45.5,48.0,48.6,49.0,49.0
A,PC,ED5-8,Y25-64,T,PL21,26.6,27.3,28.9,30.7,33.6,33.0,34.0,34.3,36.4,36.2,40.5,41.9
A,PC,ED5-8,Y25-64,T,PL22,24.4,25.0,25.4,27.2,28.2,29.7,31.0,30.8,31.9,33.0,36.6,38.4
A,PC,ED5-8,Y25-64,T,PL41,23.4,24.6,25.7,25.6,25.2,26.5,28.5,29.5,27.9,28.9,33.6,35.0
A,PC,ED5-8,Y25-64,T,PL42,23.9,24.1,24.5,26.0,26.7,28.6,29.6,29.9,30.0,33.0,36.8,39.6
A,PC,ED5-8,Y25-64,T,PL43,20.6,22.7,22.4,22.5,23.7,24.8,25.9,28.1,29.1,28.8,31.1,31.3
A,PC,ED5-8,Y25-64,T,PL51,25.1,27.2,27.2,28.8,29.8,31.7,35.0,36.5,36.7,36.1,39.7,42.8
A,PC,ED5-8,Y25-64,T,PL52,20.9,23.1,24.8,24.7,25.9,25.9,26.3,27.7,27.8,28.0,30.1,33.1
A,PC,ED5-8,Y25-64,T,PL61,20.7,20.2,21.2,23.2,24.7,25.3,24.7,26.9,28.2,28.2,31.1,31.6
A,PC,ED5-8,Y25-64,T,PL62,20.7,21.9,22.6,23.1,23.4,23.6,24.2,23.9,25.3,28.0,31.2,31.2
A,PC,ED5-8,Y25-64,T,PL63,26.7,26.5,28.1,30.6,32.8,32.8,34.5,35.3,35.0,38.6,42.4,42.8
A,PC,ED5-8,Y25-64,T,PL71,23.5,25.4,26.8,27.3,28.1,29.0,29.1,30.4,30.2,30.4,33.5,34.8
A,PC,ED5-8,Y25-64,T,PL72,26.0,25.8,25.2,27.4,27.9,28.9,30.1,31.9,30.4,30.9,33.7,35.6
A,PC,ED5-8,Y25-64,T,PL81,25.5,26.9,27.1,26.6,26.9,28.8,31.2,33.5,31.3,29.8,34.0,36.2
A,PC,ED5-8,Y25-64,T,PL82,23.1,23.8,25.3,27.5,28.3,28.4,29.4,29.7,30.2,30.6,32.9,33.1
A,PC,ED5-8,Y25-64,T,PL84,26.1,27.8,28.1,29.2,30.5,32.3,32.9,31.7,33.0,34.7,36.0,37.2
A,PC,ED5-8,Y25-64,T,PL91,48.0,51.7,52.1,53.3,56.7,57.4,56.1,57.8,58.1,57.7,62.0,64.7
A,PC,ED5-8,Y25-64,T,PL92,20.4,21.5,21.6,21.8,22.6,23.6,26.2,26.3,28.2,29.7,32.2,31.8
A,PC,ED5-8,Y25-64,T,PT11,16.5,18.2,18.7,20.2,20.5,21.7,23.1,23.7,24.9,25.8,26.3,29.1
A,PC,ED5-8,Y25-64,T,PT15,18.6,19.4,19.6,21.0,22.4,22.2,22.1,23.9,24.8,25.3,25.3,26.5
A,PC,ED5-8,Y25-64,T,PT16,17.0,19.6,21.5,22.9,22.4,24.0,,,,,,
A,PC,ED5-8,Y25-64,T,PT17,27.0,31.1,32.6,32.5,32.9,33.1,,,,,,
A,PC,ED5-8,Y25-64,T,PT18,15.7,16.7,18.0,18.5,18.6,20.1,,,,,,
A,PC,ED5-8,Y25-64,T,PT19,,,,,,,26.3,28.0,29.6,30.6,29.2,29.4
A,PC,ED5-8,Y25-64,T,PT1A,,,,,,,38.4,40.5,41.8,41.5,42.4,43.7
A,PC,ED5-8,Y25-64,T,PT1B,,,,,,,28.4,27.9,30.7,32.4,33.8,35.1
A,PC,ED5-8,Y25-64,T,PT1C,,,,,,,18.7,20.5,21.4,22.3,21.1,23.5
A,PC,ED5-8,Y25-64,T,PT1D,,,,,,,21.5,20.5,21.5,22.7,24.2,25.1
A,PC,ED5-8,Y25-64,T,PT20,12.0,13.0,14.2,14.8,15.5,15.0,13.7,15.2,15.9,16.6,16.9,17.6
A,PC,ED5-8,Y25-64,T,PT30,16.2,16.6,17.3,18.8,20.4,20.9,20.9,22.5,24.7,22.2,20.9,22.4
A,PC,ED5-8,Y25-64,T,RO11,14.2,14.2,17.4,17.4,17.1,17.7,18.9,20.1,19.3,18.2,17.2,18.3
A,PC,ED5-8,Y25-64,T,RO12,14.3,14.6,17.8,17.5,17.9,18.1,18.3,17.1,16.4,18.9,18.1,18.2
A,PC,ED5-8,Y25-64,T,RO21,11.9,12.0,11.6,11.5,12.1,12.7,11.7,11.8,12.3,14.0,13.6,13.3
A,PC,ED5-8,Y25-64,T,RO22,12.4,12.0,12.9,12.9,12.7,13.1,13.8,13.1,12.9,14.0,13.7,14.5
A,PC,ED5-8,Y25-64,T,RO31,11.4,11.4,12.8,13.3,13.1,12.7,12.9,13.1,13.9,13.7,12.6,13.4
A,PC,ED5-8,Y25-64,T,RO32,33.1,35.0,33.6,35.1,36.1,37.5,40.3,40.5,41.1,42.2,39.4,40.3
A,PC,ED5-8,Y25-64,T,RO41,14.3,15.1,16.7,16.8,16.1,14.7,15.4,16.7,17.4,17.6,16.5,16.4
A,PC,ED5-8,Y25-64,T,RO42,14.2,13.5,16.1,15.5,16.0,15.7,16.3,17.0,16.3,18.3,19.4,20.4
A,PC,ED5-8,Y25-64,T,RS11,31.4,33.3,34.3,33.9,36.2,37.4,38.4,38.3,40.3,42.7,42.2,44.6
A,PC,ED5-8,Y25-64,T,RS12,15.8,18.7,18.3,19.9,19.8,20.3,20.3,20.2,21.9,21.4,23.6,24.7
A,PC,ED5-8,Y25-64,T,RS21,15.2,14.8,16.0,17.1,16.7,17.4,17.7,18.0,18.7,18.8,19.4,21.3
A,PC,ED5-8,Y25-64,T,RS22,16.5,15.2,18.1,19.1,18.3,19.3,19.2,20.0,20.2,21.0,22.3,22.6
A,PC,ED5-8,Y25-64,T,SE11,45.7,47.6,48.7,50.4,51.0,52.3,53.0,53.7,56.1,57.4,58.8,59.6
A,PC,ED5-8,Y25-64,T,SE12,35.1,36.6,36.8,38.0,39.2,40.1,42.1,42.8,44.6,45.4,45.7,46.4
A,PC,ED5-8,Y25-64,T,SE21,29.2,31.2,32.9,34.0,33.8,36.2,37.5,37.2,37.6,40.3,42.7,43.1
A,PC,ED5-8,Y25-64,T,SE22,37.9,38.9,40.9,42.8,44.4,45.3,45.6,45.4,47.5,49.2,50.0,52.4
A,PC,ED5-8,Y25-64,T,SE23,36.5,38.8,39.2,40.0,40.6,42.2,42.3,43.4,45.6,48.8,48.5,49.7
A,PC,ED5-8,Y25-64,T,SE31,27.4,28.3,30.6,32.6,33.3,33.9,33.6,35.3,35.4,38.3,40.5,42.2
A,PC,ED5-8,Y25-64,T,SE32,30.5,31.1,32.0,33.0,33.7,36.4,37.3,37.0,40.1,42.9,41.0,39.2
A,PC,ED5-8,Y25-64,T,SE33,35.4,37.0,37.3,37.6,38.2,39.5,39.7,40.0,43.0,43.8,47.0,47.9
A,PC,ED5-8,Y25-64,T,SI03,23.6,24.8,26.0,26.8,28.2,27.9,28.5,30.8,35.3,35.7,30.0,30.9
A,PC,ED5-8,Y25-64,T,SI04,32.9,33.1,35.0,35.3,37.5,37.7,38.7,41.6,46.0,45.1,38.2,38.8
A,PC,ED5-8,Y25-64,T,SK01,37.5,39.0,37.5,39.0,42.7,43.8,45.5,45.6,46.7,47.0,51.2,52.6
A,PC,ED5-8,Y25-64,T,SK02,16.6,16.4,17.9,19.7,20.7,20.6,22.2,22.4,23.6,24.8,24.2,24.6
A,PC,ED5-8,Y25-64,T,SK03,18.8,17.8,19.4,20.0,20.3,21.6,23.2,23.7,24.5,26.6,26.5,26.9
A,PC,ED5-8,Y25-64,T,SK04,17.5,19.7,19.7,19.3,20.1,23.6,23.8,26.6,27.7,28.2,25.4,24.7
A,PC,ED5-8,Y25-64,T,TR10,18.8,18.9,20.8,22.6,23.4,24.3,24.7,26.3,27.9,28.2,30.0,31.3
A,PC,ED5-8,Y25-64,T,TR21,13.5,13.0,13.5,14.8,17.0,18.2,19.2,23.2,22.0,20.4,22.8,24.3
A,PC,ED5-8,Y25-64,T,TR22,13.1,16.4,17.3,18.1,18.6,19.3,21.6,22.6,21.4,23.4,25.4,25.9
A,PC,ED5-8,Y25-64,T,TR31,18.9,19.1,20.5,21.6,23.7,25.4,25.0,25.2,28.2,27.7,29.5,31.6
A,PC,ED5-8,Y25-64,T,TR32,11.9,13.8,15.4,16.5,17.6,18.3,20.5,22.6,23.3,24.6,25.2,26.3
A,PC,ED5-8,Y25-64,T,TR33,8.0,11.1,12.6,13.6,13.7,15.0,16.1,15.8,16.6,18.0,18.1,19.5
A,PC,ED5-8,Y25-64,T,TR41,15.2,15.6,17.0,17.8,18.8,20.1,21.0,21.3,23.9,25.4,25.3,26.1
A,PC,ED5-8,Y25-64,T,TR42,16.8,14.8,15.9,17.2,17.1,17.5,18.9,20.7,21.5,21.9,24.0,27.2
A,PC,ED5-8,Y25-64,T,TR51,25.8,26.8,27.4,28.6,28.8,29.4,31.4,32.4,32.8,33.6,33.9,35.4
A,PC,ED5-8,Y25-64,T,TR52,11.5,12.5,13.9,14.6,14.7,14.8,16.4,18.3,18.7,19.0,21.9,23.7
A,PC,ED5-8,Y25-64,T,TR61,15.9,16.4,18.2,20.4,20.6,21.4,22.8,24.4,24.9,26.7,28.0,27.8
A,PC,ED5-8,Y25-64,T,TR62,12.6,14.2,15.2,15.6,16.4,17.3,18.1,19.9,21.7,21.4,21.5,22.8
A,PC,ED5-8,Y25-64,T,TR63,9.1,9.4,11.3,12.8,12.1,12.3,15.3,18.3,19.1,19.9,20.4,20.4
A,PC,ED5-8,Y25-64,T,TR71,12.8,12.0,13.2,12.0,14.1,15.1,15.7,17.8,18.1,20.1,20.4,19.9
A,PC,ED5-8,Y25-64,T,TR72,14.6,13.5,14.3,14.8,15.0,15.5,17.0,18.2,20.1,22.3,22.3,23.1
A,PC,ED5-8,Y25-64,T,TR81,9.6,10.0,10.3,11.3,12.5,14.8,17.6,19.5,20.1,19.7,20.3,19.9
A,PC,ED5-8,Y25-64,T,TR82,10.1,10.5,12.1,12.6,14.3,15.9,16.4,16.1,18.1,20.0,18.9,17.8
A,PC,ED5-8,Y25-64,T,TR83,10.1,12.4,13.1,13.6,14.8,14.8,15.8,18.0,18.4,19.1,20.9,22.3
A,PC,ED5-8,Y25-64,T,TR90,11.3,12.4,14.8,17.2,17.0,16.8,17.9,20.5,20.3,21.1,22.0,21.4
A,PC,ED5-8,Y25-64,T,TRA1,13.1,10.1,11.1,13.8,16.1,17.5,21.5,20.8,21.6,20.6,22.7,24.9
A,PC,ED5-8,Y25-64,T,TRA2,8.2,7.7,10.2,8.9,9.3,9.4,10.5,14.5,14.2,13.6,14.3,15.1
A,PC,ED5-8,Y25-64,T,TRB1,10.8,15.4,16.1,18.4,18.1,17.9,20.8,22.7,22.3,21.6,19.9,20.7
A,PC,ED5-8,Y25-64,T,TRB2,7.2,7.0,7.1,8.2,8.6,10.0,13.4,14.6,13.8,13.1,12.7,13.6
A,PC,ED5-8,Y25-64,T,TRC1,11.0,11.1,13.3,14.4,13.3,13.4,14.5,16.9,16.7,18.3,19.8,20.1
A,PC,ED5-8,Y25-64,T,TRC2,6.9,7.6,8.1,9.8,12.0,11.4,12.0,12.5,13.8,15.1,14.8,13.4
A,PC,ED5-8,Y25-64,T,TRC3,7.8,7.0,9.4,11.3,11.5,12.9,13.4,14.6,15.1,14.9,15.0,16.1
A,PC,ED5-8,Y25-64,T,UKC1,27.4,30.7,34.5,32.7,32.4,32.2,31.8,,,,,
A,PC,ED5-8,Y25-64,T,UKC2,31.5,31.9,35.3,37.5,36.6,34.7,36.0,,,,,
A,PC,ED5-8,Y25-64,T,UKD1,34.4,33.3,33.4,36.3,33.2,35.1,36.2,,,,,
A,PC,ED5-8,Y25-64,T,UKD3,36.1,37.7,38.9,39.4,38.5,38.8,41.2,,,,,
A,PC,ED5-8,Y25-64,T,UKD4,32.2,31.7,33.9,36.8,37.2,37.8,37.9,,,,,
A,PC,ED5-8,Y25-64,T,UKD6,43.8,46.0,44.5,46.8,48.7,46.6,45.5,,,,,
A,PC,ED5-8,Y25-64,T,UKD7,30.9,31.9,33.9,35.7,35.3,36.6,38.1,,,,,
A,PC,ED5-8,Y25-64,T,UKE1,29.1,29.6,32.6,33.8,33.0,31.5,29.9,,,,,
A,PC,ED5-8,Y25-64,T,UKE2,44.3,44.2,43.1,41.7,42.9,47.7,41.4,,,,,
A,PC,ED5-8,Y25-64,T,UKE3,30.6,31.3,33.3,34.1,36.1,39.4,38.5,,,,,
A,PC,ED5-8,Y25-64,T,UKE4,34.4,34.2,35.1,34.7,35.7,37.3,38.1,,,,,
A,PC,ED5-8,Y25-64,T,UKF1,35.8,34.8,37.9,36.8,35.9,37.2,38.2,,,,,
A,PC,ED5-8,Y25-64,T,UKF2,36.7,35.9,34.9,36.7,38.2,38.8,39.0,,,,,
A,PC,ED5-8,Y25-64,T,UKF3,31.3,31.3,32.1,31.7,33.6,35.9,34.4,,,,,
A,PC,ED5-8,Y25-64,T,UKG1,40.1,39.8,43.9,42.8,40.7,42.8,41.9,,,,,
A,PC,ED5-8,Y25-64,T,UKG2,31.0,31.3,35.6,34.4,35.9,36.9,39.1,,,,,
A,PC,ED5-8,Y25-64,T,UKG3,29.8,30.9,32.9,32.5,32.6,32.6,35.3,,,,,
A,PC,ED5-8,Y25-64,T,UKH1,37.5,37.0,35.6,37.8,38.0,38.0,39.1,,,,,
A,PC,ED5-8,Y25-64,T,UKH2,41.6,45.2,43.6,44.9,45.1,46.4,47.3,,,,,
A,PC,ED5-8,Y25-64,T,UKH3,31.3,31.1,32.5,33.6,35.2,33.5,36.7,,,,,
A,PC,ED5-8,Y25-64,T,UKI3,68.2,69.6,69.5,74.7,71.6,71.5,72.8,,,,,
A,PC,ED5-8,Y25-64,T,UKI4,58.4,56.1,58.0,59.7,59.9,62.6,63.8,,,,,
A,PC,ED5-8,Y25-64,T,UKI5,42.9,42.7,43.3,45.8,45.8,46.3,46.7,,,,,
A,PC,ED5-8,Y25-64,T,UKI6,51.7,50.8,55.1,53.6,53.7,52.7,55.3,,,,,
A,PC,ED5-8,Y25-64,T,UKI7,52.3,52.4,53.1,55.0,54.9,55.9,60.7,,,,,
A,PC,ED5-8,Y25-64,T,UKJ1,48.4,51.0,51.7,51.4,53.9,53.0,53.0,,,,,
A,PC,ED5-8,Y25-64,T,UKJ2,44.2,45.4,46.4,46.8,49.3,50.4,51.4,,,,,
A,PC,ED5-8,Y25-64,T,UKJ3,42.1,43.5,40.8,40.0,42.2,42.9,46.8,,,,,
A,PC,ED5-8,Y25-64,T,UKJ4,35.4,37.5,36.3,39.3,36.5,37.7,42.9,,,,,
A,PC,ED5-8,Y25-64,T,UKK1,40.8,44.7,45.6,45.8,47.8,45.7,45.7,,,,,
A,PC,ED5-8,Y25-64,T,UKK2,38.5,37.5,40.1,40.7,39.5,39.4,41.7,,,,,
A,PC,ED5-8,Y25-64,T,UKK3,32.7,36.9,32.0,34.8,41.1,41.2,42.9,,,,,
A,PC,ED5-8,Y25-64,T,UKK4,35.6,38.0,40.2,40.0,41.7,43.1,41.2,,,,,
A,PC,ED5-8,Y25-64,T,UKL1,33.5,33.5,36.3,35.4,35.1,37.0,38.0,,,,,
A,PC,ED5-8,Y25-64,T,UKL2,40.4,43.2,43.0,43.5,44.0,43.2,45.9,,,,,
A,PC,ED5-8,Y25-64,T,UKM5,43.5,47.5,52.2,48.9,46.6,46.7,55.8,,,,,
A,PC,ED5-8,Y25-64,T,UKM6,44.8,44.0,42.1,44.1,46.3,44.6,47.6,,,,,
A,PC,ED5-8,Y25-64,T,UKM7,48.2,50.6,50.9,50.9,51.8,52.3,53.0,,,,,
A,PC,ED5-8,Y25-64,T,UKM8,42.8,45.4,46.0,48.2,46.0,44.4,48.1,,,,,
A,PC,ED5-8,Y25-64,T,UKM9,36.5,40.5,40.8,41.9,42.0,43.8,46.9,,,,,
A,PC,ED5-8,Y25-64,T,UKN0,32.5,34.0,33.6,34.4,35.6,37.2,40.6,,,,,
