freq,unit,s_adj,na_item,geo,1975-Q1,1975-Q2,1975-Q3,1975-Q4,1976-Q1,1976-Q2,1976-Q3,1976-Q4,1977-Q1,1977-Q2,1977-Q3,1977-Q4,1978-Q1,1978-Q2,1978-Q3,1978-Q4,1979-Q1,1979-Q2,1979-Q3,1979-Q4,1980-Q1,1980-Q2,1980-Q3,1980-Q4,1981-Q1,1981-Q2,1981-Q3,1981-Q4,1982-Q1,1982-Q2,1982-Q3,1982-Q4,1983-Q1,1983-Q2,1983-Q3,1983-Q4,1984-Q1,1984-Q2,1984-Q3,1984-Q4,1985-Q1,1985-Q2,1985-Q3,1985-Q4,1986-Q1,1986-Q2,1986-Q3,1986-Q4,1987-Q1,1987-Q2,1987-Q3,1987-Q4,1988-Q1,1988-Q2,1988-Q3,1988-Q4,1989-Q1,1989-Q2,1989-Q3,1989-Q4,1990-Q1,1990-Q2,1990-Q3,1990-Q4,1991-Q1,1991-Q2,1991-Q3,1991-Q4,1992-Q1,1992-Q2,1992-Q3,1992-Q4,1993-Q1,1993-Q2,1993-Q3,1993-Q4,1994-Q1,1994-Q2,1994-Q3,1994-Q4,1995-Q1,1995-Q2,1995-Q3,1995-Q4,1996-Q1,1996-Q2,1996-Q3,1996-Q4,1997-Q1,1997-Q2,1997-Q3,1997-Q4,1998-Q1,1998-Q2,1998-Q3,1998-Q4,1999-Q1,1999-Q2,1999-Q3,1999-Q4,2000-Q1,2000-Q2,2000-Q3,2000-Q4,2001-Q1,2001-Q2,2001-Q3,2001-Q4,2002-Q1,2002-Q2,2002-Q3,2002-Q4,2003-Q1,2003-Q2,2003-Q3,2003-Q4,2004-Q1,2004-Q2,2004-Q3,2004-Q4,2005-Q1,2005-Q2,2005-Q3,2005-Q4,2006-Q1,2006-Q2,2006-Q3,2006-Q4,2007-Q1,2007-Q2,2007-Q3,2007-Q4,2008-Q1,2008-Q2,2008-Q3,2008-Q4,2009-Q1,2009-Q2,2009-Q3,2009-Q4,2010-Q1,2010-Q2,2010-Q3,2010-Q4,2011-Q1,2011-Q2,2011-Q3,2011-Q4,2012-Q1,2012-Q2,2012-Q3,2012-Q4,2013-Q1,2013-Q2,2013-Q3,2013-Q4,2014-Q1,2014-Q2,2014-Q3,2014-Q4,2015-Q1,2015-Q2,2015-Q3,2015-Q4,2016-Q1,2016-Q2,2016-Q3,2016-Q4,2017-Q1,2017-Q2,2017-Q3,2017-Q4,2018-Q1,2018-Q2,2018-Q3,2018-Q4,2019-Q1,2019-Q2,2019-Q3,2019-Q4,2020-Q1,2020-Q2,2020-Q3,2020-Q4,2021-Q1,2021-Q2,2021-Q3,2021-Q4,2022-Q1,2022-Q2,2022-Q3,2022-Q4,2023-Q1,2023-Q2,2023-Q3,2023-Q4,2024-Q1,2024-Q2,2024-Q3,2024-Q4,2025-Q1,2025-Q2
Q,CLV10_MEUR,CA,B1G,SE,,,,,,,,,,,,,,,,,,,,,,,,,,,,,,,,,,,,,,,,,,,,,,,,,,,,,,,,,,,,,,,,,,,,,,,,,50146.9,51438.6,47008.4,54277.7,51765.1,53420.5,48491.9,57601.1,55121.5,56393.6,50712.1,59929.0,56486.0,57109.7,51814.9,61047.4,56864.0,59523.5,54143.2,63876.2,59250.0,61877.2,56535.9,66416.1,61849.8,64129.6,58901.9,68883.2,63965.0,68295.4,62544.3,72830.1,66471.9,69176.7,63125.5,72801.6,68081.4,71643.1,64137.5,73750.9,69553.1,72361.0,65668.9,75823.4,71477.1,75408.6,68541.9,79055.3,73092.7,77346.5,70587.1,81141.7,76862.2,81402.1,73878.9,85754.1,79849.7,84433.8,76131.9,88175.1,81500.5,84368.6,75516.8,83070.1,75974.6,79578.8,72020.3,82517.4,77629.6,83771.4,77371.9,88686.7,83198.0,87851.1,80228.6,88175.8,82857.8,87921.2,79659.5,89113.4,83414.6,87894.3,80123.8,91853.2,85610.2,90332.4,81935.6,93989.5,87996.0,94725.0,85114.6,97999.9,90169.1,95537.7,86388.8,99068.1,92830.4,97462.5,88272.4,101235.7,94346.3,99230.5,89595.9,104071.0,96554.9,102425.3,92065.3,107198.3,99272.7,93841.8,90105.9,104828.1,100042.4,104356.2,93971.1,109852.4,102383.2,106406.7,96274.5,109124.7,103818.3,105644.7,97111.3,110123.1,103656.0,106134.4,98127.5,112437.8,104241.4,107534.1
Q,CLV10_MEUR,CA,B1GQ,SE,,,,,,,,,,,,,,,,,,,,,,,,,,,,,,,,,,,,,,,,,,,,,,,,,,,,,,,,,,,,,,,,,,,,,,,,,57979.9,59496.1,54701.5,63060.6,59691.6,61616.4,56365.8,66705.8,62917.0,64524.4,58567.6,69020.2,64498.4,65233.1,59545.2,70162.4,64967.2,67779.7,61961.5,73297.4,67676.0,70444.1,64775.5,76155.0,70335.9,73107.9,67587.8,78971.0,72619.2,77617.6,71389.4,82231.6,75603.9,78240.7,71807.4,82735.5,76949.5,80921.9,73400.4,84137.4,78795.1,81829.3,74959.5,86188.6,81069.0,85110.0,77938.3,89366.1,82953.9,87368.8,80476.6,91935.4,86513.7,92052.4,84162.0,97024.7,89928.2,95301.4,86554.2,100064.7,91793.0,95602.0,85792.2,94218.4,85953.3,90565.7,82035.0,93698.7,87840.1,95216.6,87892.6,100563.5,93520.2,99131.5,90826.9,99859.2,93230.3,98820.8,90270.8,100901.0,93787.2,99340.7,90783.5,103658.6,95937.2,102057.7,93030.2,105974.7,98668.0,107031.9,96547.3,111062.8,101534.6,108513.9,98226.8,112692.8,104350.1,110561.8,100089.4,115087.4,106165.8,112682.9,101566.7,117807.5,108365.9,115684.8,104271.4,121444.9,111426.9,106844.0,102593.6,119012.5,112141.6,118221.2,106932.4,124913.2,114673.5,120562.2,109164.3,123675.0,115574.0,119210.5,109400.6,124109.1,115433.1,119536.1,110572.7,126648.8,116089.2,121263.2
Q,CLV10_MEUR,CA,D21,SE,,,,,,,,,,,,,,,,,,,,,,,,,,,,,,,,,,,,,,,,,,,,,,,,,,,,,,,,,,,,,,,,,,,,,,,,,8287.3,8510.6,8155.3,9243.0,8368.3,8639.4,8332.0,9555.5,8214.1,8565.4,8309.0,9545.9,8450.0,8572.6,8198.4,9599.2,8572.5,8690.2,8283.1,9914.5,8869.1,8993.2,8699.6,10221.7,8903.1,9397.6,9230.4,10595.2,9129.4,9791.8,9337.2,9931.0,9619.3,9540.1,9142.3,10487.4,9350.6,9704.8,9808.5,10974.3,9697.6,9940.2,9897.6,11020.4,10166.7,10223.7,9929.7,10958.1,10439.7,10490.0,10385.6,11388.2,10190.0,11115.4,10796.4,11931.3,10620.4,11321.4,10937.1,12556.4,10869.1,11788.3,10826.0,11741.7,10592.4,11574.2,10578.2,11804.7,10874.6,12053.2,11090.2,12465.3,11031.6,11890.9,11191.1,12301.1,11032.2,11504.6,11218.8,12431.4,10916.9,11960.3,11152.1,12383.0,10926.5,12298.3,11648.4,12599.9,11342.5,12926.5,12056.8,13722.3,12033.6,13606.1,12468.9,14297.5,12244.0,13756.9,12474.5,14547.4,12469.0,14114.9,12650.3,14469.1,12511.2,13890.2,12838.0,14899.2,12889.2,13657.0,13141.7,14850.9,12741.6,14530.1,13672.8,15697.2,12998.3,14873.1,13598.0,15259.3,12374.1,14210.9,12903.8,14670.0,12364.1,14045.3,13092.8,14855.8,12380.5,14358.9
Q,CLV10_MEUR,CA,D21X31,SE,,,,,,,,,,,,,,,,,,,,,,,,,,,,,,,,,,,,,,,,,,,,,,,,,,,,,,,,,,,,,,,,,,,,,,,,,7911.4,8139.1,7784.2,8883.1,7999.6,8272.0,7964.8,9200.1,7840.9,8185.0,7931.4,9171.5,8052.9,8166.1,7794.4,9191.0,8141.6,8274.0,7865.1,9495.9,8464.7,8585.4,8295.4,9810.0,8500.9,9008.9,8751.5,10158.4,8658.1,9333.5,8882.3,9366.5,9146.4,9046.3,8696.2,9944.5,8847.3,9253.3,9309.4,10420.6,9236.1,9452.7,9321.4,10377.4,9592.6,9677.8,9408.5,10294.2,9862.5,10004.4,9907.8,10788.1,9631.6,10641.0,10291.8,11262.3,10060.5,10853.6,10425.5,11888.7,10273.6,11229.0,10277.4,11146.2,9972.1,10987.2,10015.9,11178.8,10204.8,11443.6,10518.8,11872.6,10319.1,11276.8,10594.9,11679.4,10370.1,10897.4,10607.0,11783.0,10367.1,11443.6,10658.5,11801.6,10318.8,11722.2,11095.0,11980.7,10658.7,12304.8,11436.5,13065.7,11355.5,12987.4,11850.5,13640.2,11506.0,13107.4,11823.3,13865.6,11814.1,13460.3,11975.6,13739.9,11808.4,13261.1,12209.2,14250.5,12146.7,13014.6,12499.7,14193.8,12057.7,13869.6,12983.9,15083.7,12260.1,14159.4,12895.4,14555.2,11725.7,13558.7,12280.2,13976.4,11713.2,13400.8,12447.0,14210.7,11783.7,13735.4
Q,CLV10_MEUR,CA,D31,SE,,,,,,,,,,,,,,,,,,,,,,,,,,,,,,,,,,,,,,,,,,,,,,,,,,,,,,,,,,,,,,,,,,,,,,,,,370.6,367.7,366.0,360.2,364.6,364.4,363.1,357.2,372.0,378.8,376.3,370.8,393.7,402.9,399.7,406.5,427.2,412.8,414.5,415.6,400.5,403.9,400.7,405.9,398.3,383.8,476.1,431.2,471.4,455.2,453.1,568.0,470.9,494.2,443.8,543.2,503.7,448.9,498.3,552.7,459.8,486.0,577.1,644.1,573.1,545.5,520.9,662.1,576.7,488.6,481.0,600.7,564.3,467.8,502.3,677.3,563.7,460.2,509.5,672.5,597.5,558.5,549.0,596.0,618.5,587.6,562.2,625.8,666.9,610.2,571.7,594.5,712.5,613.9,596.2,621.6,664.2,606.1,611.6,646.9,547.6,510.9,488.7,577.2,606.5,571.8,549.5,615.5,683.9,617.6,617.6,652.2,678.0,611.9,614.5,650.6,742.4,643.2,649.3,674.8,654.2,643.1,675.4,724.7,705.4,618.4,623.2,635.0,745.1,634.3,635.9,645.0,685.6,647.3,684.9,586.6,753.3,705.9,705.0,690.8,653.6,635.4,616.2,681.4,655.7,628.5,641.1,619.9,589.2,599.2
Q,CLV10_MEUR,CA,P3,SE,,,,,,,,,,,,,,,,,,,,,,,,,,,,,,,,,,,,,,,,,,,,,,,,,,,,,,,,,,,,,,,,,,,,,,,,,,,,,48441.1,49542.0,45677.2,52183.9,48672.2,50181.4,46410.7,52706.6,49147.8,50498.3,47279.6,53835.9,50025.8,51763.2,48309.1,55016.8,51452.4,53327.0,50112.5,57061.7,53376.8,54930.5,51360.9,59218.5,55552.4,57432.7,53671.6,60294.1,56321.0,57756.5,53708.5,60642.2,57532.5,59089.0,54740.2,62120.5,58034.2,59728.8,55624.9,63039.4,59084.0,60562.7,56174.3,63622.3,59816.0,61880.2,57772.4,65177.0,60946.2,63591.5,59161.7,67311.2,62766.7,65631.1,61249.9,69390.7,64184.9,66493.7,60865.9,67946.4,64478.6,67247.7,62083.2,69922.3,66269.1,69173.7,64023.4,71846.7,67465.6,70728.1,64740.7,72412.1,68213.8,71222.9,65847.8,73845.1,69381.7,72403.9,66967.5,75467.9,70600.8,74294.8,68372.2,77685.6,73126.3,76410.0,70648.1,80304.9,75222.9,78656.1,72347.1,81803.4,76987.8,79946.7,73627.0,83240.7,77782.0,81667.7,74772.2,84472.4,78277.5,81520.4,75650.8,84903.3,78953.8,76483.0,73714.4,82653.6,78258.7,82654.0,77945.9,87662.6,81043.9,85542.6,78702.1,87817.1,80853.4,84664.9,77794.1,88202.4,81903.7,84835.5,78725.9,88772.6,82382.7,85977.8
Q,CLV10_MEUR,CA,P31_S13,SE,,,,,,,,,,,,,,,,,,,,,,,,,,,,,,,,,,,,,,,,,,,,,,,,,,,,,,,,,,,,,,,,,,,,,,,,,,,,,15056.3,14818.0,12189.8,15523.1,15411.9,15030.3,12570.0,16043.3,15472.8,15023.7,12823.3,16574.9,15148.0,14882.8,12999.4,16170.5,15805.4,15274.6,13557.4,16871.7,16137.8,15609.5,13614.9,16799.2,15992.2,15472.0,13332.7,16670.1,16366.3,15777.0,13435.6,17171.3,16801.5,16240.3,13770.5,17423.1,16922.5,16383.3,13881.6,17423.4,16825.6,16275.1,13610.7,17083.8,16881.3,16405.2,13726.4,17340.0,17054.8,16611.0,14054.4,17824.9,17133.4,16736.7,14112.4,17954.3,17365.7,16811.1,14268.9,18004.7,17848.3,17149.1,14548.6,18439.9,17814.4,17274.9,14701.9,18706.0,17874.8,17378.2,14879.0,18690.5,17877.8,17501.1,15054.4,18885.8,18076.6,17591.4,15157.7,19142.6,18149.1,17795.3,15460.0,19503.4,18630.9,18163.3,15795.8,20033.0,19268.5,19236.3,16517.9,20746.8,19272.2,19116.1,16608.2,20894.4,19255.0,19235.0,16501.0,20856.2,19479.1,19110.1,16480.4,20748.2,19104.1,18223.9,16201.2,20308.0,19439.7,19399.9,16808.4,20638.2,19431.9,19092.3,16760.6,20908.8,19686.8,19140.5,16615.7,20957.9,19852.6,19300.6,16773.7,21039.3,19906.9,19334.8
Q,CLV10_MEUR,CA,P31_S14,SE,,,,,,,,,,,,,,,,,,,,,,,,,,,,,,,,,,,,,,,,,,,,,,,,,,,,,,,,,,,,,,,,,,,,,,,,,,,,,27177.1,27940.5,27421.9,30055.7,27364.6,28530.8,27951.5,30332.1,27868.3,29150.6,28685.7,31071.3,28880.5,30448.5,29254.3,32147.9,29576.2,31399.2,30403.3,33425.3,30912.0,32533.7,31610.9,35477.0,32907.6,34811.8,33690.6,36382.3,33593.7,35035.5,33904.8,36374.7,34228.2,35746.5,34605.8,37339.2,34437.2,36112.2,35326.9,38174.7,35568.5,37038.2,36295.7,39106.0,36171.5,38198.0,37834.4,40410.4,37084.3,39614.2,38690.8,41839.7,38760.9,41319.6,40772.5,43637.9,39876.6,42062.3,40200.2,42090.1,39397.8,42441.5,41051.0,43365.8,41234.7,43962.7,42722.7,44975.4,42336.8,45381.1,43252.3,45454.5,42876.4,45591.6,43915.8,46390.1,43550.0,46418.7,44866.6,47529.0,44652.0,47990.6,45854.5,49086.8,46618.3,49806.1,47807.4,51035.0,48024.8,50716.6,48813.8,51909.1,49683.4,52057.2,49775.1,52940.3,50326.6,53571.0,50811.9,53871.8,50331.5,53645.0,51788.6,54472.6,51566.5,49346.8,50159.2,52515.0,50120.7,54157.8,53771.1,57044.7,52915.9,57506.2,54273.2,56637.8,52032.2,55837.0,53268.6,56475.2,52478.8,55796.2,53782.0,56843.9,52783.0,56750.1
Q,CLV10_MEUR,CA,P31_S14_S15,SE,,,,,,,,,,,,,,,,,,,,,,,,,,,,,,,,,,,,,,,,,,,,,,,,,,,,,,,,,,,,,,,,,,,,,,,,,,,,,27956.5,28953.9,28233.4,30990.9,28068.9,29586.9,28668.6,31133.4,28622.5,30066.6,29471.8,31932.4,29656.2,31400.5,30058.4,33028.5,30350.6,32347.9,31226.7,34322.1,31651.6,33416.7,32381.3,36321.0,33876.6,35955.0,34671.3,37484.6,34571.1,36225.1,34901.0,37501.3,35242.2,36981.0,35647.3,38505.7,35518.3,37411.9,36426.9,39403.7,36652.8,38333.4,37390.7,40331.6,37286.0,39545.1,38969.9,41724.5,38209.8,40981.5,39841.9,43142.7,39897.3,42688.3,41927.7,44922.4,41033.6,43446.1,41364.0,43399.5,40522.3,43803.1,42178.5,44620.0,42353.2,45329.6,43859.1,46214.6,43399.1,46670.4,44333.6,46656.4,43939.0,46873.1,44992.5,47562.7,44557.2,47613.0,45897.1,48643.6,45726.6,49241.6,46958.4,50282.2,47728.6,51101.5,48949.3,52271.9,49106.9,51989.8,49938.3,53135.1,50858.4,53404.0,50977.7,54253.0,51479.4,54896.1,52012.1,55149.3,51496.6,54991.6,52990.8,55751.0,52780.8,50649.3,51348.1,53796.2,51319.7,55546.2,55016.1,58368.2,54104.6,58861.1,55493.4,57923.4,53239.2,57276.7,54535.0,57901.5,53746.9,57243.0,55058.8,58283.3,54049.2,58230.5
Q,CLV10_MEUR,CA,P31_S15,SE,,,,,,,,,,,,,,,,,,,,,,,,,,,,,,,,,,,,,,,,,,,,,,,,,,,,,,,,,,,,,,,,,,,,,,,,,,,,,770.8,1092.5,813.2,955.3,669.2,1137.6,682.7,770.9,733.2,938.7,768.5,846.6,758.5,967.1,788.9,864.2,751.3,954.9,805.4,875.1,702.8,865.2,734.8,799.2,962.5,1159.2,973.3,1101.6,971.2,1206.2,992.3,1129.7,1011.7,1252.2,1040.4,1171.0,1085.8,1320.4,1103.3,1236.9,1085.3,1313.3,1094.7,1229.8,1118.1,1363.3,1136.1,1322.6,1127.7,1380.9,1153.1,1307.8,1137.5,1378.1,1155.5,1287.0,1158.7,1391.3,1164.8,1314.5,1126.7,1367.5,1128.2,1256.4,1121.2,1370.1,1138.4,1241.4,1064.5,1292.1,1083.5,1204.1,1064.9,1283.7,1080.9,1176.5,1013.5,1197.4,1036.4,1121.3,1079.7,1251.4,1108.4,1200.5,1116.5,1295.3,1147.2,1241.3,1093.8,1273.7,1132.9,1232.5,1180.6,1346.7,1208.4,1315.3,1162.9,1328.6,1208.6,1285.8,1174.9,1347.8,1211.8,1288.1,1222.4,1296.7,1195.8,1284.7,1205.7,1385.3,1255.7,1334.1,1203.8,1364.6,1235.6,1299.9,1216.8,1435.7,1274.7,1424.6,1273.4,1441.6,1284.6,1438.4,1273.1,1474.7
Q,CLV10_MEUR,CA,P32_S13,SE,,,,,,,,,,,,,,,,,,,,,,,,,,,,,,,,,,,,,,,,,,,,,,,,,,,,,,,,,,,,,,,,,,,,,,,,,,,,,6175.6,6391.0,5300.6,6197.1,5965.8,6109.2,5237.1,6119.1,5749.1,5872.4,5005.0,5894.8,5712.0,5813.8,5327.2,6244.9,5845.2,6019.3,5420.7,6306.6,6096.3,6221.5,5385.9,6392.4,6007.6,6090.2,5504.8,6314.5,5651.3,5842.5,5220.6,6170.2,5733.0,5988.5,5215.3,6363.5,5813.5,6036.1,5226.2,6332.7,5751.9,6029.5,5069.8,6295.5,5745.8,6000.6,4965.2,6167.0,5766.8,6003.5,5173.9,6377.2,5776.1,6195.7,5144.3,6509.7,5773.6,6270.2,5232.6,6533.4,6092.8,6295.7,5367.9,6858.0,6098.7,6582.9,5449.6,6943.4,6193.0,6675.0,5522.7,7080.7,6394.3,6826.0,5805.1,7362.2,6697.0,7203.1,5980.8,7630.2,6671.9,7260.6,6059.5,7842.8,6708.2,7202.5,6072.0,7959.9,6752.2,7472.8,6068.8,7855.2,6847.3,7471.7,6254.2,8019.6,7036.4,7653.1,6546.5,8387.4,7247.2,7536.5,6560.7,8350.6,7119.1,7643.7,6519.6,8457.8,7370.0,7861.9,6665.4,8770.4,7559.8,7972.7,7021.4,9019.6,7918.5,8473.7,7127.2,9343.8,8251.6,8527.5,7423.7,9430.0,8364.6,8670.6
Q,CLV10_MEUR,CA,P3_P5,SE,,,,,,,,,,,,,,,,,,,,,,,,,,,,,,,,,,,,,,,,,,,,,,,,,,,,,,,,,,,,,,,,,,,,,,,,,,,,,59108.5,61794.4,56754.8,66865.5,61312.3,63151.6,58421.8,68636.1,63115.2,63258.9,58972.6,69479.7,63049.2,65332.7,60628.6,71456.4,66102.4,68576.8,63362.8,74178.6,68315.0,70241.8,65578.9,76818.0,70486.9,74961.7,69471.4,79094.5,73442.3,75027.3,68722.4,79093.2,73383.1,76150.7,69893.0,80658.0,75270.4,77018.5,70511.0,81817.9,75197.7,78110.4,72332.4,84056.5,76881.5,80213.8,73740.5,86278.3,78702.7,84408.8,78102.3,90567.2,83777.7,88192.0,82294.5,94803.0,85658.3,90008.4,81373.7,90376.9,81892.3,85036.9,78043.1,90415.3,84276.9,90512.3,84194.7,95448.3,89112.8,94214.4,85725.7,95903.1,88702.2,92995.8,85959.7,96614.4,89276.9,94484.1,86637.5,99760.2,92184.5,97980.0,89587.3,102982.3,96052.1,101893.9,93603.6,108082.4,99519.5,105763.2,96464.2,109645.6,102382.9,107695.2,99029.1,112707.0,104650.0,110465.8,99250.5,114819.9,104635.3,109899.4,99473.1,116532.2,105186.4,103460.3,98606.9,112886.6,106209.4,111954.8,104531.5,120988.5,110506.0,117804.7,108176.5,119501.1,109788.8,114930.7,104470.0,118879.7,110209.6,114015.4,107017.8,121259.0,109009.8,117012.6
Q,CLV10_MEUR,CA,P3_P6,SE,,,,,,,,,,,,,,,,,,,,,,,,,,,,,,,,,,,,,,,,,,,,,,,,,,,,,,,,,,,,,,,,,,,,,,,,,,,,,75134.0,78209.1,72366.1,85267.2,80257.9,82484.3,76131.8,88156.5,82336.3,83706.7,77493.3,90606.9,84893.0,88813.1,82517.8,96451.9,90515.1,93880.8,87360.8,101196.5,94168.1,97397.4,91598.1,105522.2,98853.2,105514.2,99061.1,111872.0,103872.5,105800.8,97711.4,111059.0,104223.8,108310.1,98936.2,112807.5,106684.6,109791.2,101710.2,116298.4,109402.5,115133.9,106720.1,121673.8,113152.3,118935.5,111286.1,126968.2,119390.6,126475.1,117780.7,134867.9,125970.1,132585.1,123958.5,141019.7,130761.2,135492.4,123570.6,133021.1,119306.9,122492.8,114551.7,129481.4,122724.3,132347.7,125169.1,140617.1,132461.5,139452.6,129798.3,141010.3,133003.2,139602.4,129496.5,142271.1,132873.7,140383.9,130343.3,146527.4,137048.2,145362.7,135005.3,152675.4,142599.8,151511.6,141144.0,160387.3,148643.6,156476.6,144479.7,162962.3,151831.5,160703.8,149226.3,168624.7,156855.9,164976.1,151275.8,173784.6,160660.7,169441.8,155930.3,176620.5,162547.0,152648.1,150322.4,173533.4,165760.3,172793.8,161364.8,186447.6,173317.1,182288.2,169348.5,187911.8,175230.6,181010.1,167736.1,188468.6,175615.0,181708.6,171652.2,193073.9,177977.9,187847.4
Q,CLV10_MEUR,CA,P3_S13,SE,,,,,,,,,,,,,,,,,,,,,,,,,,,,,,,,,,,,,,,,,,,,,,,,,,,,,,,,,,,,,,,,,,,,,,,,,,,,,21264.9,21257.7,17534.9,21747.0,21396.8,21164.2,17832.4,22171.1,21231.5,20906.7,17844.2,22451.9,20847.2,20717.7,18353.7,22424.9,21653.1,21305.9,18997.1,23187.3,22242.1,21848.5,19017.1,23206.6,22014.7,21574.2,18854.3,22995.1,22019.1,21618.4,18662.0,23336.4,22520.6,22233.0,18995.6,23785.9,22726.9,22417.1,19114.6,23754.0,22581.1,22306.1,18684.0,23384.1,22618.8,22417.3,18695.3,23513.7,22833.5,22610.6,19222.9,24204.5,22920.4,22930.1,19251.7,24463.4,23144.6,23086.8,19503.5,24535.9,23941.7,23446.0,19919.4,25298.6,23909.6,23863.0,20155.6,25651.9,24071.3,24055.3,20405.3,25772.6,24279.4,24326.7,20856.2,26250.2,24775.8,24789.6,21138.5,26773.0,24826.8,25051.1,21520.0,27345.3,25355.8,25362.2,21872.4,27988.2,26043.8,26705.0,22601.4,28606.0,26149.1,26584.1,22866.4,28914.9,26311.2,26873.3,23034.6,29228.6,26742.4,26637.0,23028.0,29081.0,26237.8,25827.9,22703.9,28725.1,26830.5,27231.4,23465.3,29334.5,26992.4,27018.8,23740.1,29843.0,27573.0,27547.1,23693.7,30215.4,28065.5,27748.8,24127.9,30382.7,28231.0,27923.4
Q,CLV10_MEUR,CA,P41,SE,,,,,,,,,,,,,,,,,,,,,,,,,,,,,,,,,,,,,,,,,,,,,,,,,,,,,,,,,,,,,,,,,,,,,,,,,41586.7,42823.2,39955.5,45871.6,42449.5,43351.2,40474.4,46117.5,42852.7,44226.3,41260.5,46704.1,43507.7,44743.3,42310.7,48014.9,44423.3,46032.2,43050.2,48875.9,45705.8,47405.1,44748.5,50838.0,47386.1,48808.8,46011.8,52891.9,49607.4,51401.2,48202.9,54029.7,50691.0,51949.3,48503.9,54510.8,51827.3,53133.2,49529.9,55797.8,52250.6,53726.6,50401.2,56738.9,53347.7,54559.1,51093.5,57349.7,54089.6,55890.1,52783.5,59016.0,55180.7,57597.0,53981.0,60941.0,56986.9,59441.6,56102.1,62885.5,58412.8,60225.2,55625.6,61421.5,58389.8,60954.0,56714.0,63066.7,60174.1,62592.0,58574.8,64906.2,61273.8,64055.7,59218.0,65335.7,61819.6,64396.5,60048.3,66479.6,62684.2,65197.9,60991.5,67829.1,63931.1,67029.1,62321.2,69831.4,66423.4,69210.6,64587.9,72340.9,68479.3,71193.2,66298.5,73952.6,70154.7,72474.5,67390.3,75220.3,70755.9,74018.4,68239.3,76068.8,71036.7,73984.3,69104.9,76539.8,71847.1,68826.9,67209.0,74175.7,70886.4,74797.6,71293.7,78892.9,73487.8,77573.0,71691.4,78789.3,72929.7,76159.5,70674.7,78810.8,73633.2,76287.0,71295.6,79294.6,73989.6,77274.3
Q,CLV10_MEUR,CA,P51G,SE,,,,,,,,,,,,,,,,,,,,,,,,,,,,,,,,,,,,,,,,,,,,,,,,,,,,,,,,,,,,,,,,,,,,,,,,,10381.4,11586.3,9984.1,12076.6,10838.7,11814.4,10698.7,13975.7,11406.6,12754.0,11858.8,15320.7,12011.2,13603.9,12455.7,15930.8,12092.8,14319.2,12205.1,16156.6,13033.4,15172.5,13370.3,17386.2,13871.1,15764.0,14529.4,18068.5,14429.5,17064.8,15127.1,19304.0,15281.9,17282.2,15241.0,19840.5,14717.0,17935.4,15386.4,19013.9,15684.4,17728.1,15309.7,19172.4,15414.4,18575.8,16413.2,20816.2,16231.9,19304.2,16957.9,20953.0,17105.1,21648.7,18670.9,23651.2,19471.8,23432.8,19776.9,25332.6,20383.5,23388.5,19901.1,24539.5,17603.3,20483.0,17218.6,22111.3,16848.0,21202.9,19246.4,24578.3,18568.5,23506.8,20177.6,24280.4,19402.7,22513.8,18988.6,25074.8,18295.8,22563.8,20003.3,25071.4,20354.2,23848.3,20633.1,25996.5,21315.4,25477.9,21745.3,28354.0,22070.9,26865.1,23263.0,29227.7,23444.9,27875.4,24801.4,29751.2,24820.5,28162.7,24158.8,30175.0,23868.9,27853.6,23511.5,32210.9,25515.5,27498.1,24855.0,31143.6,26660.3,30435.6,26326.5,32812.6,26536.0,30661.6,26868.2,32423.5,26341.1,30193.2,27001.4,33365.5,26149.8,29772.0,27043.5,33952.0,25391.4,30213.3
Q,CLV10_MEUR,CA,P5G,SE,,,,,,,,,,,,,,,,,,,,,,,,,,,,,,,,,,,,,,,,,,,,,,,,,,,,,,,,,,,,,,,,,,,,,,,,,10728.1,10652.6,9719.4,11711.6,10852.9,12201.1,11135.6,14673.8,12667.0,13000.1,12038.3,15878.2,13961.3,12788.0,11724.0,15629.9,13037.1,13582.9,12335.1,16435.2,14654.1,15253.4,13261.6,17115.1,14945.9,15320.1,14227.6,17593.5,14951.8,17516.0,15796.2,18780.8,17104.1,17260.6,15031.6,18432.2,15878.9,17068.3,15177.7,18527.4,17230.0,17295.6,14924.6,18770.2,16125.9,17555.0,16165.4,20431.6,17070.0,18340.4,15970.9,21114.0,17760.9,20839.4,18957.9,23288.8,21038.7,22595.9,21077.2,25465.5,21503.5,23556.1,20537.4,22459.9,17428.3,17803.1,15970.8,20515.4,18023.3,21337.6,20167.6,23590.9,21647.2,23486.3,20985.0,23491.0,20467.5,21755.7,20095.8,22753.8,19860.1,22062.0,19642.6,24291.2,21567.5,23684.6,21204.8,25305.2,22919.2,25497.3,22959.9,27804.8,24301.4,27127.8,24128.6,27860.7,25404.4,27772.3,25422.5,29497.1,26889.2,28822.2,24494.5,30374.2,26379.0,28401.6,23841.6,31654.0,26249.9,27001.6,24910.7,30264.3,27984.6,29333.5,26601.1,33393.4,29502.5,32314.7,29521.1,31725.7,28988.7,30321.9,26739.2,30744.6,28363.6,29239.3,28350.8,32554.7,26676.3,31100.4
Q,CLV10_MEUR,CA,P6,SE,,,,,,,,,,,,,,,,,,,,,,,,,,,,,,,,,,,,,,,,,,,,,,,,,,,,,,,,,,,,,,,,,,,,,,,,,14817.9,15236.7,15139.6,16696.1,16869.4,17489.5,16445.4,19362.1,19576.2,20005.8,18355.4,20445.8,19899.5,20942.0,19066.4,21879.0,22195.7,23746.3,22124.3,25366.4,24617.1,25518.5,24131.3,27286.9,26007.4,27262.5,26058.9,28910.8,28405.7,30569.0,29521.2,32759.4,30413.7,30777.5,28939.1,32001.8,30796.6,32103.7,29022.5,32213.2,31390.8,32727.0,31115.8,34443.6,34151.7,36963.9,34332.3,37559.8,36219.7,38674.5,37515.7,40632.5,40637.4,42014.8,39629.5,44246.8,42139.6,44337.8,41609.4,46175.7,45026.2,45425.7,42131.7,42620.9,37425.3,37489.5,36505.1,39114.1,38461.6,41843.8,40956.2,45164.4,43348.7,45238.2,44072.6,45107.2,44321.1,46630.6,43567.4,45630.9,43589.2,45883.3,43748.8,46688.7,44851.5,47351.1,45518.9,49653.2,46523.9,49606.7,47647.4,52273.7,49152.3,50657.4,48065.8,53301.3,49403.1,53037.0,50334.6,55981.2,52284.6,54550.4,52280.3,59172.0,56344.5,59919.7,56953.0,60305.0,57739.7,49174.7,51960.9,61004.8,60174.9,61322.7,57287.6,65955.9,63513.9,65034.0,61834.7,69209.8,66189.0,66798.4,64003.0,70364.9,66151.9,68466.5,65400.1,72630.8,69932.2,71697.7
Q,CLV10_MEUR,CA,P61,SE,,,,,,,,,,,,,,,,,,,,,,,,,,,,,,,,,,,,,,,,,,,,,,,,,,,,,,,,,,,,,,,,,,,,,,,,,11413.7,11645.5,11374.9,13005.6,13285.8,13770.2,12504.4,15533.8,16006.3,16035.8,14328.7,16709.1,16148.3,16985.4,15043.5,17882.1,18144.2,19130.8,17458.9,20580.0,20110.2,20551.5,18865.8,22025.8,21021.7,21673.4,20333.3,23183.9,22936.5,24501.1,23085.0,25927.1,23967.8,23943.5,21741.2,24747.7,24295.0,25100.2,21951.5,25131.3,24726.6,25697.6,23887.4,26804.0,27014.9,28990.8,26145.1,29174.2,28699.6,30494.3,28769.3,30942.8,31905.8,32646.7,30141.1,34499.5,33046.5,34101.0,31474.9,35794.5,35332.4,35323.6,31757.3,31500.3,27267.4,27013.4,26206.8,28807.6,29026.1,31979.7,30691.3,34395.6,33992.0,34852.8,33546.7,34029.0,34179.6,35413.7,32699.0,34122.7,32471.5,33958.8,31646.2,33767.9,33783.2,35100.4,32930.3,35323.7,33439.2,35562.6,33193.6,36338.4,35180.1,35627.6,33260.0,36931.4,36448.1,38080.8,35442.2,39689.2,38686.5,40119.1,37194.8,41283.3,40636.2,41996.1,39135.7,42357.4,42120.0,35483.5,38039.5,43508.7,44014.6,44239.8,40321.3,45763.9,45644.2,45072.4,42285.8,46444.1,45781.4,45165.6,41887.7,46548.3,45396.2,45807.1,41983.4,46781.0,47339.3,47624.3
Q,CLV10_MEUR,CA,P62,SE,,,,,,,,,,,,,,,,,,,,,,,,,,,,,,,,,,,,,,,,,,,,,,,,,,,,,,,,,,,,,,,,,,,,,,,,,3463.3,3677.2,3893.2,3742.7,3599.2,3733.9,4049.2,3790.5,3462.4,3917.0,4060.7,3620.9,3665.7,3856.4,4040.6,3860.5,3914.5,4545.4,4661.3,4668.5,4374.0,4874.6,5285.7,5164.3,4885.3,5543.6,5740.6,5660.6,5393.4,5979.2,6416.1,6789.8,6430.5,6801.4,7227.0,7231.7,6455.3,6982.8,7106.7,7045.6,6625.7,6986.1,7236.3,7605.5,7112.0,7950.3,8201.1,8397.9,7465.0,8206.8,8740.8,9712.7,8743.7,9323.1,9457.7,9730.0,9108.4,10189.8,10098.9,10334.0,9655.4,10146.7,10371.2,11078.1,10132.6,10479.3,10307.7,10305.7,9398.8,9874.0,10257.3,10781.1,9345.4,10365.6,10511.7,11095.6,10167.7,11146.2,10797.9,11422.6,11032.4,11853.1,12005.8,12762.0,11021.1,12142.2,12478.3,14103.4,12916.4,13896.3,14255.6,15704.9,13734.3,14954.0,14580.4,16181.2,12984.7,14760.6,14651.4,16104.5,13554.0,14354.1,14882.0,17587.7,15592.0,17666.9,17628.6,17697.2,15505.4,13569.1,13814.2,17332.6,16002.6,16991.7,16760.4,19981.4,17697.0,19723.0,19319.3,22568.7,20262.3,21347.5,21927.4,23668.2,20600.4,22506.6,23335.3,25628.9,22356.9,23818.0
Q,CLV10_MEUR,CA,P7,SE,,,,,,,,,,,,,,,,,,,,,,,,,,,,,,,,,,,,,,,,,,,,,,,,,,,,,,,,,,,,,,,,,,,,,,,,,14421.7,14586.7,14489.0,16299.4,15675.4,16781.0,16126.7,18788.0,17586.0,18054.3,17575.5,19305.1,18075.6,18545.4,18008.1,20505.2,19820.4,21163.1,20582.0,23164.9,22813.6,23403.4,22588.1,25073.0,23806.9,24309.6,24018.7,26605.3,26295.1,27844.6,27598.1,29631.8,28294.4,27533.5,25859.6,28331.5,27256.4,27456.6,25580.2,28697.9,27885.0,27969.2,26778.7,30113.3,28381.6,30056.7,28821.2,32364.5,30148.2,31685.9,30848.6,35085.4,32952.8,34421.8,33556.0,37830.9,36025.3,37240.6,37229.5,40860.1,38841.1,39819.1,37655.7,38703.4,33306.7,31987.6,32485.3,35771.7,34841.5,37133.2,37233.5,40033.6,38920.9,40293.5,38952.1,41124.9,39786.4,40732.4,39197.9,41329.0,39042.0,41000.2,39580.6,42828.6,41125.6,43304.8,42110.7,46805.2,44044.9,44417.4,44795.6,49433.3,47361.6,48006.0,46526.3,50368.0,47638.9,50354.3,49648.7,53843.9,51068.8,52584.9,50180.3,56426.0,52714.7,54114.8,52145.9,55498.3,51416.2,45922.2,48036.4,54827.2,54161.8,54915.8,55241.3,62228.3,59514.6,62656.4,61399.4,65223.7,60633.3,62852.7,59294.8,65424.0,61159.3,63184.3,62113.5,67554.6,62922.4,67758.3
Q,CLV10_MEUR,CA,P71,SE,,,,,,,,,,,,,,,,,,,,,,,,,,,,,,,,,,,,,,,,,,,,,,,,,,,,,,,,,,,,,,,,,,,,,,,,,10275.6,10416.8,9820.4,11604.7,11198.1,12056.8,11061.8,13904.8,12818.7,13107.5,12309.4,14245.2,13077.4,13400.7,12533.6,14947.2,14264.9,15158.0,14088.7,16696.3,16281.0,16575.5,15621.0,17851.2,16689.6,16996.1,16382.2,18894.6,18434.2,19677.3,19168.7,20995.8,19621.2,18852.0,17287.7,19511.2,18800.4,18969.5,17387.8,20175.8,19803.7,19819.1,18507.4,21309.0,20480.1,21343.0,20451.8,22863.9,21887.4,22917.0,21586.5,24893.0,23786.3,24766.0,23908.6,27382.4,26742.5,27120.7,26885.2,29376.1,28407.2,29346.9,26849.1,27004.5,23253.2,21970.1,22482.1,25497.4,25421.1,27648.4,27005.6,29368.2,29100.7,30442.3,28505.2,30165.6,29318.7,30015.8,28518.7,30149.1,28329.5,29396.1,27911.3,30524.9,29593.6,31177.3,29563.2,32185.5,31052.6,31348.6,31390.7,34465.9,33350.3,33777.3,32560.2,35604.7,33949.0,35466.5,34277.6,38053.8,36562.7,38197.9,34853.5,39835.8,37028.5,37692.7,35721.4,38482.2,35940.9,32738.9,34610.3,38924.6,39182.4,39384.2,37745.0,42309.6,40482.4,41468.0,39271.1,42141.5,39315.3,40921.6,37778.4,40731.0,38524.1,39879.4,37997.5,41490.0,39724.3,42226.5
Q,CLV10_MEUR,CA,P72,SE,,,,,,,,,,,,,,,,,,,,,,,,,,,,,,,,,,,,,,,,,,,,,,,,,,,,,,,,,,,,,,,,,,,,,,,,,4098.3,4127.5,4659.7,4660.6,4434.5,4671.0,5047.1,4808.7,4704.6,4864.1,5228.7,4961.0,4943.2,5066.7,5475.4,5456.0,5459.1,5958.9,6499.3,6379.3,6463.2,6761.8,6956.6,7161.3,7069.6,7281.7,7643.2,7669.2,7848.4,8094.0,8385.4,8576.5,8682.2,8660.2,8594.6,8790.2,8434.7,8480.4,8208.1,8470.9,8036.6,8099.8,8267.8,8752.9,7874.3,8685.5,8345.9,9497.5,8190.4,8773.9,9242.5,10186.0,9151.9,9590.2,9596.3,10398.0,9213.7,10032.6,10274.9,11410.2,10346.9,10434.9,10769.6,11649.5,10015.1,10012.3,9995.7,10235.2,9396.2,9503.2,10221.4,10682.5,9818.7,9843.0,10443.1,10976.5,10489.0,10681.7,10647.6,11142.7,10675.2,11574.3,11630.7,12234.4,11490.7,12074.0,12482.0,14450.4,12900.1,13005.5,13329.1,14864.7,13869.3,14241.8,13880.8,14748.0,13725.2,14767.0,15168.3,15730.0,14511.4,14442.3,15159.1,16469.6,15621.0,16259.2,16270.3,16835.7,15401.5,13176.8,13465.8,15877.3,15037.6,15616.1,17241.0,19653.8,18787.6,20775.5,21573.0,22610.6,20970.2,21406.3,21033.6,24225.3,22220.5,22857.2,23613.6,25422.6,22695.5,24923.0
Q,CLV10_MEUR,NSA,B1G,SE,,,,,,,,,,,,,,,,,,,,,,,,,,,,,,,,,,,,,,,,,,,,,,,,,,,,,,,,,,,,,,,,,,,,,,,,,49967.8,51456.2,47062.2,54601.1,51867.2,53438.9,48547.4,57943.3,55528.4,56088.2,50504.6,59956.1,56902.7,56800.7,51873.6,60738.3,56029.2,59881.0,54204.0,63553.7,59040.6,61543.6,56599.5,66446.0,61631.5,64151.2,58968.6,69289.1,64435.1,67927.1,62290.2,72862.4,66962.8,68803.4,62868.9,72434.0,67841.1,71667.0,64210.1,73377.7,69307.2,71970.2,65743.3,75438.9,71617.6,75434.0,68619.7,79520.9,72424.3,78247.2,70667.3,81620.7,77429.8,80960.5,73575.5,85793.2,80440.5,83975.6,75819.5,87725.4,81211.2,85358.3,75602.8,82646.7,75703.6,79606.4,72102.8,82555.5,77352.5,84282.5,77460.2,89213.1,83361.8,87881.1,80320.0,88699.7,83472.5,87444.0,79332.7,88658.0,83118.7,87924.4,80214.9,91386.0,85307.0,89839.8,82029.1,93511.2,87683.7,94757.5,85211.6,98044.9,89344.3,96663.6,86487.4,99658.1,93519.0,96929.0,87909.5,101282.3,94532.4,99265.0,89226.8,103538.5,96745.3,101865.0,92171.0,106649.2,99468.6,93874.9,90209.8,104876.6,99687.5,104994.8,94079.0,110507.9,102584.2,106443.6,96384.8,109775.9,104582.8,105067.3,96712.8,110173.5,103857.8,106170.9,98239.0,111866.4,103873.8,106947.8
Q,CLV10_MEUR,NSA,B1GQ,SE,,,,,,,,,,,,,,,,,,,,,,,,,,,,,,,,,,,,,,,,,,,,,,,,,,,,,,,,,,,,,,,,,,,,,,,,,57794.4,59515.0,54758.3,63396.6,59798.4,61636.1,56424.4,67061.2,63339.1,64208.3,58351.5,69049.2,64931.0,64913.6,59607.1,69842.5,64100.7,68151.6,62025.9,72963.3,67459.5,70098.9,64842.8,76187.0,70110.9,73131.3,67658.1,79391.8,73106.3,77237.3,71126.1,82266.1,76111.1,77857.3,71542.4,82358.3,76703.3,80947.8,73476.7,83753.7,78543.0,81428.4,75037.4,85795.6,81214.0,85137.2,78019.3,89842.2,82269.6,88292.8,80560.2,92425.2,87094.0,91601.5,83851.5,97065.4,90531.4,94834.5,86234.9,99608.6,91499.4,96613.2,85881.4,93788.8,85678.4,90594.7,82120.2,93738.0,87559.1,95739.1,87984.0,101099.3,93687.5,99163.2,90921.3,100391.2,93855.7,98336.7,89937.8,100441.0,93487.2,99372.4,90877.9,103186.0,95630.2,101557.7,93126.9,105491.6,98352.3,107066.1,96647.6,111109.4,100697.2,109661.6,98328.9,113293.2,105050.1,110020.2,99720.2,115135.7,106355.7,112718.8,101191.9,117270.4,108559.8,115118.1,104379.7,120891.2,111626.3,106878.2,102700.3,119062.5,111782.8,118870.0,107043.5,125578.7,114878.7,120600.7,109277.7,124334.0,116349.2,118626.5,108997.0,124161.1,115639.6,119574.3,110687.6,126071.4,115717.8,120669.1
Q,CLV10_MEUR,NSA,D21,SE,,,,,,,,,,,,,,,,,,,,,,,,,,,,,,,,,,,,,,,,,,,,,,,,,,,,,,,,,,,,,,,,,,,,,,,,,8282.1,8514.9,8161.7,9261.4,8376.6,8643.8,8338.5,9574.0,8234.1,8555.7,8302.1,9550.9,8470.5,8563.3,8204.7,9590.4,8541.7,8707.7,8289.4,9905.9,8864.3,8984.1,8706.2,10227.0,8898.6,9402.1,9237.3,10613.9,9150.1,9782.3,9330.2,9936.0,9639.7,9532.0,9136.1,10480.0,9346.5,9709.5,9815.7,10966.3,9693.5,9931.6,9904.7,11013.4,10175.1,10228.4,9936.4,10974.8,10422.1,10520.9,10392.8,11405.6,10209.6,11107.2,10790.6,11936.9,10640.0,11313.8,10931.6,12550.2,10865.5,11820.1,10833.3,11736.1,10588.7,11579.6,10585.4,11810.1,10870.5,12073.6,11097.7,12483.4,11040.6,11896.4,11198.6,12318.8,11053.7,11496.0,11212.3,12425.7,10913.2,11965.8,11159.5,12377.3,10922.8,12290.3,11656.0,12594.4,11339.2,12932.3,12064.7,13728.4,12017.5,13639.7,12477.0,14316.5,12265.0,13749.1,12468.9,14553.8,12477.9,14121.0,12645.4,14464.6,12520.0,13883.5,12845.6,14894.9,12898.0,13662.8,13149.6,14857.2,12739.3,14547.1,13680.8,15713.7,13007.3,14879.3,13605.9,15275.0,12392.6,14205.0,12899.9,14676.2,12372.2,14051.0,13100.2,14852.9,12378.9,14354.1
Q,CLV10_MEUR,NSA,D21X31,SE,,,,,,,,,,,,,,,,,,,,,,,,,,,,,,,,,,,,,,,,,,,,,,,,,,,,,,,,,,,,,,,,,,,,,,,,,7908.7,8143.4,7790.0,8897.7,8006.7,8276.3,7970.7,9215.2,7856.7,8178.5,7926.7,9176.4,8068.8,8160.4,7800.0,9185.4,8120.7,8287.7,7870.7,9490.6,8462.2,8579.7,8301.2,9815.1,8498.6,9013.3,8757.5,10173.2,8673.7,9327.7,8878.2,9371.1,9161.8,9042.0,8692.6,9941.0,8846.0,9257.8,9315.8,10416.6,9234.5,9448.2,9327.4,10375.2,9599.3,9682.3,9414.4,10304.7,9853.2,10026.3,9914.1,10799.8,9645.3,10636.4,10289.1,11267.4,10074.1,10849.6,10422.9,11887.4,10273.2,11251.0,10283.6,11145.1,9971.8,10992.2,10022.0,11183.6,10204.5,11458.2,10525.3,11885.2,10325.8,11282.0,10601.3,11691.5,10384.1,10893.8,10604.2,11782.1,10366.4,11448.8,10665.1,11800.4,10318.3,11719.0,11101.7,11980.0,10659.0,12310.4,11443.3,13071.3,11348.5,13010.4,11857.7,13653.4,11519.0,13104.9,11821.6,13871.6,11821.3,13466.2,11974.4,13740.4,11815.2,13259.3,12215.8,14251.0,12153.4,13020.1,12506.6,14199.8,12058.7,13881.2,12990.9,15095.7,12267.1,14165.4,12902.3,14565.7,11738.1,13557.4,12279.6,13982.2,11719.8,13406.3,12453.5,14212.0,11784.9,13735.0
Q,CLV10_MEUR,NSA,D31,SE,,,,,,,,,,,,,,,,,,,,,,,,,,,,,,,,,,,,,,,,,,,,,,,,,,,,,,,,,,,,,,,,,,,,,,,,,368.7,367.9,366.7,363.4,365.8,364.8,363.8,360.5,376.4,375.6,374.1,371.1,398.2,399.6,400.5,403.5,417.6,416.6,415.2,412.4,398.3,400.5,401.5,406.3,396.2,384.1,477.1,435.2,476.8,451.4,450.3,568.4,476.3,490.1,441.1,539.1,501.1,449.1,499.3,548.4,457.4,482.0,578.2,639.2,575.0,545.9,521.9,668.2,568.7,497.4,481.9,606.3,570.7,463.9,499.2,677.9,570.2,456.4,506.5,667.4,594.3,568.7,550.1,591.4,615.2,588.0,563.3,626.3,663.3,616.0,572.8,600.0,714.8,614.3,597.3,627.3,671.9,601.1,607.8,642.0,544.6,511.1,489.6,572.8,603.3,567.0,550.5,610.8,680.2,618.1,618.8,652.8,668.6,623.1,615.6,656.5,750.9,637.8,645.4,675.4,656.3,643.5,671.2,719.1,707.6,613.3,624.3,630.0,747.5,634.7,637.2,645.5,681.9,653.4,686.3,592.0,755.7,706.4,706.2,697.2,661.2,630.1,612.4,682.0,657.8,628.9,642.3,615.2,586.0,594.2
Q,CLV10_MEUR,NSA,P3,SE,,,,,,,,,,,,,,,,,,,,,,,,,,,,,,,,,,,,,,,,,,,,,,,,,,,,,,,,,,,,,,,,,,,,,,,,,,,,,48462.0,49510.4,45671.8,52340.3,48867.2,49958.0,46244.8,52676.1,49344.7,50273.4,47274.0,53609.6,49494.2,51924.6,48303.4,54785.5,51287.5,53089.5,50106.5,57028.7,53205.8,54895.5,51354.8,59396.1,55775.0,57176.9,53479.7,60259.2,56546.7,57499.2,53516.6,60387.2,57348.1,59051.3,54733.6,61859.3,57848.2,59462.7,55618.3,62774.4,59109.5,60524.0,56167.6,63813.0,59403.2,62302.4,57765.5,65372.4,61190.4,63308.3,58950.2,67272.2,63018.2,65338.8,61030.9,69099.0,63979.2,66947.4,60858.7,67660.7,64271.9,67204.8,62075.8,69881.8,66056.7,69389.3,64015.8,72062.1,67494.7,70683.0,64733.0,72629.2,68487.1,70905.7,65612.3,73534.7,69159.3,72357.7,66959.6,75150.6,70374.5,73963.9,68364.1,77359.0,72891.9,76361.2,70639.6,80258.5,74703.8,79192.9,72338.5,82048.6,77296.3,79590.7,73363.9,83192.6,77815.5,81615.7,74505.0,84117.3,78311.2,81157.3,75641.8,84546.3,78987.8,76434.2,73705.7,82605.8,78007.9,82911.7,77936.6,87925.4,81078.8,85488.0,78692.8,88080.4,81177.3,84287.8,77516.0,88151.4,81939.0,84781.4,78716.6,88399.4,82118.6,85594.8
Q,CLV10_MEUR,NSA,P31_S13,SE,,,,,,,,,,,,,,,,,,,,,,,,,,,,,,,,,,,,,,,,,,,,,,,,,,,,,,,,,,,,,,,,,,,,,,,,,,,,,15053.6,14786.4,12175.5,15593.2,15509.8,14894.0,12476.3,16011.2,15571.1,14887.4,12808.3,16432.2,14841.4,14953.2,12984.2,16031.2,15698.0,15136.0,13541.4,16837.9,16028.1,15576.2,13599.0,16875.1,16093.8,15331.7,13233.3,16636.7,16470.3,15633.9,13335.4,17023.4,16687.3,16205.7,13754.3,17273.0,16807.5,16234.7,13865.3,17273.4,16822.6,16240.5,13594.7,17161.0,16653.4,16594.0,13710.3,17418.3,17163.2,16460.4,13949.5,17789.3,17242.2,16584.9,14007.2,17799.7,17247.6,17004.6,14252.2,17849.6,17727.0,17112.6,14531.5,18403.0,17693.3,17356.6,14684.6,18790.5,17871.6,17341.2,14861.6,18774.9,17991.4,17342.4,14942.1,18723.1,17953.8,17553.9,15139.9,18977.7,18025.7,17633.9,15441.8,19335.4,18504.3,18124.5,15777.3,19992.9,19008.4,19457.7,16498.6,20840.5,19394.6,18942.7,16484.4,20852.7,19251.6,19194.0,16378.0,20676.5,19475.6,18936.8,16461.0,20569.5,19100.7,18185.0,16182.2,20267.4,19307.5,19491.6,16788.7,20731.5,19428.5,19051.6,16740.9,21003.3,19811.9,18966.9,16491.8,20916.0,19849.1,19259.5,16754.1,20858.2,19771.5,19159.4
Q,CLV10_MEUR,NSA,P31_S14,SE,,,,,,,,,,,,,,,,,,,,,,,,,,,,,,,,,,,,,,,,,,,,,,,,,,,,,,,,,,,,,,,,,,,,,,,,,,,,,27194.7,27942.6,27431.7,30116.0,27434.3,28475.4,27910.4,30335.7,27939.3,29094.0,28696.0,31015.0,28729.5,30511.5,29264.9,32089.7,29538.3,31338.3,30414.2,33429.2,30872.4,32536.2,31622.2,35548.2,32991.4,34744.2,33641.0,36386.6,33679.2,34967.4,33854.8,36308.9,34184.3,35749.2,34618.1,37271.5,34393.0,36042.1,35339.6,38105.6,35591.5,37041.0,36308.7,39184.5,36054.2,38352.2,37847.9,40491.5,37178.8,39537.3,38633.8,41844.7,38859.6,41239.4,40712.5,43558.8,39825.5,42232.1,40214.6,42013.9,39347.3,42444.8,41065.7,43370.9,41181.8,44053.5,42738.0,45065.7,42364.3,45384.6,43267.8,45545.7,42985.7,45503.1,43851.2,46306.0,43494.2,46422.3,44882.7,47442.9,44594.8,47897.5,45870.9,48997.8,46558.5,49810.0,47824.6,51041.1,47869.1,50921.4,48831.2,52013.3,49810.0,51956.1,49701.8,52946.6,50359.2,53575.2,50737.1,53774.1,50364.1,53540.8,51807.2,54373.9,51599.9,49350.6,50177.2,52521.2,50056.4,54269.7,53790.3,57159.2,52950.2,57510.6,54292.6,56751.5,52164.8,55728.5,53190.2,56481.9,52512.8,55800.6,53801.2,56740.9,52715.3,56639.9
Q,CLV10_MEUR,NSA,P31_S14_S15,SE,,,,,,,,,,,,,,,,,,,,,,,,,,,,,,,,,,,,,,,,,,,,,,,,,,,,,,,,,,,,,,,,,,,,,,,,,,,,,27975.1,28957.4,28244.2,31051.7,28138.3,29533.4,28629.7,31138.1,28693.3,30012.3,29483.1,31878.5,29509.8,31463.9,30069.9,32972.8,30314.8,32289.5,31238.6,34327.3,31614.3,33420.8,32393.7,36392.3,33960.4,35890.0,34624.3,37490.3,34656.5,36159.6,34853.6,37438.0,35200.8,36985.6,35660.9,38440.7,35476.5,37344.3,36440.9,39337.2,36677.1,38338.2,37405.1,40410.8,37172.4,39699.0,38984.8,41806.4,38304.3,40907.5,39787.9,43149.4,39995.9,42611.2,41870.8,44846.6,40985.3,43615.2,41379.8,43326.3,40474.6,43808.5,42194.7,44626.9,42303.4,45421.2,43875.9,46305.3,43427.9,46676.1,44350.6,46747.9,44047.6,46788.4,44931.4,47482.5,44504.7,47618.9,45914.7,48561.6,45672.8,49152.7,46976.4,50197.4,47672.4,51107.8,48968.0,52279.9,48957.3,52192.3,49957.4,53239.3,50984.1,53307.5,50908.5,54261.3,51513.6,54902.9,51941.6,55056.2,51530.7,54892.2,53011.1,55657.0,52815.8,50655.5,51367.7,53804.4,51259.3,55658.6,55037.2,58482.7,54140.4,58868.3,55514.6,58037.1,53370.8,57173.2,54461.0,57910.4,53782.6,57250.0,55079.9,58185.0,53985.6,58125.3
Q,CLV10_MEUR,NSA,P31_S15,SE,,,,,,,,,,,,,,,,,,,,,,,,,,,,,,,,,,,,,,,,,,,,,,,,,,,,,,,,,,,,,,,,,,,,,,,,,,,,,770.0,1091.9,812.5,953.6,667.4,1138.2,683.2,770.4,731.3,939.3,767.9,847.2,761.1,965.3,788.3,864.8,751.6,955.5,804.8,874.6,703.2,864.7,734.2,797.5,960.5,1159.8,973.6,1100.9,969.2,1206.7,992.6,1130.2,1012.0,1251.5,1039.7,1171.5,1086.0,1320.9,1102.6,1237.4,1084.4,1312.6,1094.0,1227.9,1119.4,1360.2,1135.3,1320.8,1125.6,1381.3,1153.4,1307.1,1135.4,1378.5,1155.8,1287.5,1158.9,1388.2,1164.0,1314.9,1126.9,1366.8,1127.4,1255.7,1121.4,1368.2,1137.6,1239.6,1063.6,1291.4,1082.8,1202.3,1062.8,1284.2,1081.2,1177.0,1013.8,1196.8,1035.6,1121.8,1080.0,1251.9,1107.6,1200.9,1116.7,1294.6,1146.4,1240.6,1095.1,1270.7,1132.2,1230.7,1178.5,1347.1,1208.7,1314.6,1161.9,1327.8,1208.8,1286.2,1173.9,1348.2,1211.0,1288.5,1221.4,1296.0,1195.0,1284.0,1205.9,1383.4,1254.8,1332.2,1202.8,1363.9,1234.8,1298.1,1214.7,1436.1,1274.9,1423.9,1272.3,1440.9,1283.8,1438.7,1273.3,1475.1
Q,CLV10_MEUR,NSA,P32_S13,SE,,,,,,,,,,,,,,,,,,,,,,,,,,,,,,,,,,,,,,,,,,,,,,,,,,,,,,,,,,,,,,,,,,,,,,,,,,,,,6177.7,6382.3,5299.2,6224.3,6003.3,6063.7,5202.1,6111.6,5787.1,5827.4,5004.2,5852.1,5606.6,5843.0,5325.8,6201.5,5812.5,5974.0,5419.1,6298.8,6063.0,6213.2,5384.4,6419.3,6045.0,6044.8,5469.2,6306.6,5689.5,5797.6,5185.5,6126.9,5700.5,5980.6,5214.1,6319.8,5780.8,5990.7,5225.0,6289.1,5755.0,6021.5,5068.9,6322.5,5676.9,6065.5,4964.5,6194.3,5804.7,5958.2,5139.0,6369.2,5814.0,6150.0,5109.5,6465.8,5740.9,6334.5,5231.4,6489.4,6059.5,6287.2,5366.4,6849.0,6065.4,6610.5,5447.9,6969.1,6195.1,6665.7,5520.9,7106.2,6430.9,6779.0,5768.8,7316.5,6662.5,7192.7,5978.0,7584.0,6637.4,7212.7,6056.6,7796.1,6673.7,7192.1,6069.1,7948.6,6681.3,7534.6,6065.9,7879.1,6883.0,7423.4,6217.1,8008.2,7036.8,7641.8,6508.7,8339.6,7247.2,7488.0,6556.7,8302.9,7119.3,7632.4,6515.8,8445.5,7334.1,7886.8,6661.3,8792.4,7559.2,7960.8,7016.5,9041.1,7952.0,8423.3,7088.2,9329.6,8249.5,8514.4,7417.9,9380.1,8326.6,8619.8
Q,CLV10_MEUR,NSA,P3_P5,SE,,,,,,,,,,,,,,,,,,,,,,,,,,,,,,,,,,,,,,,,,,,,,,,,,,,,,,,,,,,,,,,,,,,,,,,,,,,,,59273.7,61687.8,56804.3,67271.7,61752.2,62788.5,58155.5,68640.1,63553.5,62895.4,59023.5,69126.0,62102.6,65695.2,60679.2,71098.7,65855.9,68202.2,63413.0,74183.0,68062.7,70241.1,65629.8,77193.3,70952.3,74569.2,69181.7,79097.5,73911.5,74632.3,68432.5,78712.3,73118.5,76148.6,69945.2,80271.4,75003.1,76615.6,70563.8,81427.8,75306.1,78106.2,72382.5,84441.7,76224.6,81000.3,73790.5,86670.3,79186.5,83992.6,77795.7,90568.6,84268.9,87766.0,81980.0,94388.4,85374.9,90825.1,81424.4,89970.8,81606.7,85029.7,78093.3,90414.4,83985.6,90929.7,84243.7,95860.0,89224.5,94205.7,85776.0,96318.4,89215.4,92545.7,85629.3,96182.7,88978.2,94473.9,86688.3,99320.3,91880.5,97515.6,89636.7,102533.2,95739.7,101877.9,93651.4,108070.3,98756.4,106661.9,96511.3,110085.6,102929.2,107205.0,98669.7,112698.2,104765.0,110448.2,98887.9,114341.0,104751.9,109401.5,99524.8,116048.9,105304.1,103444.4,98655.9,112873.6,105879.2,112413.1,104579.3,121448.0,110623.2,117787.5,108226.1,119961.5,110353.6,114418.3,104093.6,118866.2,110308.5,113853.9,107394.2,120591.4,108668.0,116494.2
Q,CLV10_MEUR,NSA,P3_P6,SE,,,,,,,,,,,,,,,,,,,,,,,,,,,,,,,,,,,,,,,,,,,,,,,,,,,,,,,,,,,,,,,,,,,,,,,,,,,,,75293.8,78235.6,72452.2,85829.8,80933.6,81967.3,75762.5,88187.4,83017.4,83178.0,77589.5,90094.0,83454.4,89411.8,82619.0,95908.3,90144.9,93303.4,87464.1,101233.1,93784.8,97422.4,91705.1,106173.7,99654.3,104879.9,98598.4,111911.7,104702.0,105162.4,97251.9,110443.3,103804.4,108338.1,99051.3,112185.5,106260.8,109130.9,101827.5,115657.1,109620.0,115156.6,106836.1,122400.1,112012.0,120408.4,111409.8,127727.2,120336.4,125727.8,117241.3,134909.9,126942.4,131808.3,123398.4,140265.9,130248.4,137121.3,123703.5,132302.8,118831.6,122515.0,114673.9,129517.6,122238.1,133156.9,125297.9,141439.8,132712.5,139479.4,129935.5,141834.8,134017.6,138791.1,128914.9,141510.9,132360.1,140410.1,130479.3,145754.4,136524.4,144536.7,135140.9,151874.5,142059.7,151533.2,141282.0,160423.0,147240.8,158253.3,144618.5,163872.5,152922.0,159813.6,148584.2,168668.2,157134.7,165001.2,150618.6,172891.0,160953.4,168488.9,156090.2,175712.9,162845.8,152672.9,150472.4,173577.3,165144.0,173801.1,161523.3,187480.6,173631.2,182321.7,169516.5,188974.0,176529.1,179978.3,166987.4,188514.9,175867.6,181573.3,172215.3,191887.4,177289.3,186778.3
Q,CLV10_MEUR,NSA,P3_S13,SE,,,,,,,,,,,,,,,,,,,,,,,,,,,,,,,,,,,,,,,,,,,,,,,,,,,,,,,,,,,,,,,,,,,,,,,,,,,,,21261.0,21215.0,17515.2,21838.6,21523.7,20984.2,17707.5,22128.9,21357.3,20728.9,17824.2,22270.4,20451.7,20809.0,18333.1,22243.6,21514.8,21124.7,18975.8,23143.2,22100.0,21804.6,18995.7,23304.3,22145.2,21390.8,18722.2,22951.3,22149.6,21434.6,18531.3,23147.8,22376.7,22188.3,18974.2,23593.6,22581.7,22226.5,19093.2,23562.0,22577.0,22261.2,18662.9,23482.6,22332.4,22658.4,18674.3,23612.7,22968.9,22418.3,19088.2,24158.5,23056.2,22735.1,19116.8,24265.6,22996.7,23335.1,19481.6,24337.5,23788.8,23398.9,19897.0,25250.4,23756.9,23968.2,20132.9,25760.0,24066.8,24006.9,20382.4,25881.2,24423.3,24119.8,20710.0,26038.0,24617.6,24739.7,21114.8,26556.6,24668.2,24838.1,21495.8,27124.3,25193.7,25311.2,21847.8,27935.0,25714.0,26992.2,22576.0,28726.5,26304.1,26358.0,22706.2,28859.9,26306.3,26819.3,22873.2,28992.3,26737.5,26410.5,23002.1,28845.9,26232.9,25776.0,22678.4,28670.5,26659.1,27351.5,23438.9,29458.0,26987.4,26964.5,23713.4,29968.7,27736.4,27312.9,23527.6,30157.9,28060.3,27693.0,24100.7,30137.1,28050.6,27686.0
Q,CLV10_MEUR,NSA,P41,SE,,,,,,,,,,,,,,,,,,,,,,,,,,,,,,,,,,,,,,,,,,,,,,,,,,,,,,,,,,,,,,,,,,,,,,,,,41460.4,42797.6,39951.6,46003.2,42467.3,43325.2,40470.3,46249.7,43016.2,44039.9,41121.2,46679.4,43673.7,44554.7,42306.5,47823.5,43975.6,46169.3,43045.9,48681.1,45567.1,47205.3,44744.0,50811.1,47242.2,48779.6,46007.2,53043.5,49796.7,51184.6,48040.1,54001.1,50884.5,51730.3,48340.2,54293.6,51669.9,53101.4,49525.0,55575.3,52092.0,53500.1,50396.2,56512.8,53370.1,54526.4,51088.4,57514.2,53735.6,56253.1,52778.2,59185.2,55391.4,57354.2,53798.7,60908.7,57204.4,59191.0,55912.7,62634.9,58235.4,60616.3,55620.1,61176.7,58212.5,60917.5,56708.4,63033.3,59991.4,62778.3,58568.9,65092.3,61299.5,64017.3,59212.1,65523.0,62055.5,64125.1,59845.6,66214.6,62493.9,65158.8,60985.5,67558.8,63737.0,66746.6,62315.0,69553.2,66221.7,69169.2,64581.5,72302.6,68031.2,71655.5,66291.8,74164.6,70422.4,72169.0,67162.7,75180.5,70785.6,73974.1,68008.9,75765.7,71066.5,73672.4,69098.0,76234.8,71877.3,68785.6,67202.4,74136.4,70671.1,75020.3,71286.6,79119.1,73518.6,77526.5,71684.2,79015.3,73208.1,75838.5,70436.1,78769.1,73664.1,76241.3,71288.5,78978.6,73765.0,76948.5
Q,CLV10_MEUR,NSA,P51G,SE,,,,,,,,,,,,,,,,,,,,,,,,,,,,,,,,,,,,,,,,,,,,,,,,,,,,,,,,,,,,,,,,,,,,,,,,,10360.5,11596.3,9998.4,12136.3,10861.0,11824.6,10714.1,14044.8,11475.9,12710.5,11830.0,15335.1,12084.1,13557.4,12473.6,15880.9,11968.0,14391.8,12222.6,16106.0,13007.2,15120.7,13389.6,17402.5,13843.2,15777.5,14550.3,18157.8,14517.1,17006.5,15090.4,19322.1,15374.6,17223.2,15204.1,19778.3,14687.4,17950.8,15408.5,18954.4,15652.8,17667.6,15331.7,19112.3,15446.1,18591.7,16436.8,20919.0,16132.2,19482.1,16982.2,21056.5,17208.9,21574.8,18625.6,23673.3,19590.0,23352.8,19729.0,25253.2,20342.5,23604.2,19929.6,24462.6,17567.8,20500.5,17243.3,22132.0,16814.0,21310.4,19274.0,24699.7,18606.7,23527.0,20206.6,24400.3,19520.4,22436.9,18942.6,24996.2,18259.0,22583.1,20032.0,24992.9,20313.2,23766.9,20662.8,25915.1,21272.4,25499.8,21776.6,28380.5,21935.3,27112.7,23296.4,29372.1,23587.1,27780.1,24741.3,29779.1,24871.5,28186.8,24100.2,30080.4,23918.0,27758.5,23545.3,32110.0,25568.0,27521.7,24890.7,31172.8,26606.6,30589.9,26364.3,32974.7,26590.7,30687.9,26906.8,32583.6,26501.0,30090.1,26935.9,33396.8,26203.7,29797.5,27082.4,33845.6,25340.3,30110.1
Q,CLV10_MEUR,NSA,P5G,SE,,,,,,,,,,,,,,,,,,,,,,,,,,,,,,,,,,,,,,,,,,,,,,,,,,,,,,,,,,,,,,,,,,,,,,,,,10641.5,10680.2,9769.6,11901.6,10928.1,12229.8,11186.7,14865.8,12902.1,12859.6,11936.4,15912.4,14197.3,12647.3,11775.6,15502.2,12620.6,13779.2,12387.1,16308.0,14570.2,15114.4,13314.3,17150.1,14862.2,15350.9,14280.9,17787.5,15188.5,17378.5,15696.9,18817.0,17342.3,17123.0,14931.8,18306.4,15795.9,17100.4,15231.7,18401.7,17147.9,17158.0,14978.4,18644.7,16204.8,17587.4,16220.1,20627.6,16823.1,18703.8,16025.4,21310.4,17999.6,20704.2,18860.8,23328.1,21279.6,22461.9,20981.6,25344.7,21424.3,23923.0,20595.1,22337.0,17346.4,17835.6,16025.3,20552.9,17941.7,21539.3,20225.0,23789.0,21729.9,23522.7,21043.0,23689.1,20708.0,21621.2,19999.5,22631.1,19779.9,22097.5,19699.6,24169.5,21488.4,23551.4,21262.9,25184.2,22841.1,25535.2,23019.2,27847.3,24059.5,27497.3,24188.7,28061.8,25648.3,27642.0,25329.9,29540.7,26975.5,28862.4,24401.2,30256.7,26464.9,28271.7,23901.5,31537.3,26335.8,27040.4,24971.3,30308.4,27910.0,29540.7,26662.9,33598.3,29590.6,32357.2,29584.9,31929.4,29235.1,30193.3,26647.5,30789.1,28450.9,29279.7,28413.8,32438.7,26600.8,30972.3
Q,CLV10_MEUR,NSA,P6,SE,,,,,,,,,,,,,,,,,,,,,,,,,,,,,,,,,,,,,,,,,,,,,,,,,,,,,,,,,,,,,,,,,,,,,,,,,14743.5,15248.6,15169.5,16847.6,16923.6,17503.3,16477.9,19537.8,19798.8,19848.9,18248.1,20465.1,20125.8,20777.7,19104.0,21719.7,21713.8,23967.9,22168.0,25181.6,24493.4,25318.3,24178.9,27312.7,25876.8,27283.9,26110.4,29173.1,28728.7,30329.3,29348.7,32790.3,30759.5,30536.1,28769.9,31768.7,30641.9,32128.8,29079.7,31978.5,31233.1,32470.2,31177.2,34192.7,34261.4,36992.9,34400.1,37900.5,35736.1,39362.9,37589.8,41001.1,41099.4,41685.2,39397.9,44288.6,42618.7,43990.0,41366.2,45839.4,44800.0,46234.3,42214.9,42310.4,37237.3,37518.9,36577.2,39151.0,38268.3,42234.2,41037.1,45574.1,43488.0,45273.7,44159.6,45516.4,44825.1,46264.9,43312.8,45298.5,43370.3,45919.3,43835.2,46348.6,44626.2,46979.7,45608.7,49291.6,46290.1,49645.5,47741.4,52323.0,48495.9,51559.1,48160.7,53784.8,49964.9,52621.0,50040.4,56034.0,52452.7,54593.1,51974.8,58741.0,56525.6,59449.7,57065.4,59865.7,57925.2,49213.2,52063.5,61062.4,59872.6,61894.9,57400.7,66554.3,63718.0,65085.0,61956.8,69837.7,66941.7,66274.5,63629.0,70431.3,66364.5,68520.1,65529.2,72101.7,69580.8,71135.4
Q,CLV10_MEUR,NSA,P61,SE,,,,,,,,,,,,,,,,,,,,,,,,,,,,,,,,,,,,,,,,,,,,,,,,,,,,,,,,,,,,,,,,,,,,,,,,,11355.8,11660.9,11404.8,13141.4,13338.8,13788.4,12537.3,15696.1,16214.0,15905.0,14243.1,16734.0,16357.8,16846.8,15083.1,17747.2,17719.7,19336.1,17504.8,20424.9,20008.2,20383.8,18915.5,22058.6,20915.1,21702.1,20386.8,23426.0,23234.1,24301.2,22947.1,25965.7,24278.7,23748.1,21611.4,24561.0,24171.8,25133.4,22009.3,24941.8,24601.3,25487.9,23950.2,26601.9,27122.8,29029.1,26213.9,29478.9,28291.8,31105.9,28845.0,31265.9,32319.6,32380.3,29961.1,34551.0,33475.3,33822.7,31287.0,35524.5,35153.3,36032.1,31840.9,31262.8,27129.1,27049.1,26275.8,28850.5,28878.9,32322.9,30772.1,34754.8,34127.7,34898.8,33634.9,34384.4,34623.0,35124.7,32503.8,33865.3,32306.8,34003.7,31729.5,33513.3,33611.9,34814.0,33017.0,35057.4,33269.7,35609.6,33281.0,36392.6,34680.1,36342.1,33347.5,37317.1,36921.0,37770.0,35230.6,39748.3,38840.9,40172.1,36972.7,40972.0,40798.4,41653.3,39238.6,42038.0,42288.1,35530.4,38139.5,43573.6,43791.4,44714.7,40427.4,46241.8,45826.5,45131.9,42397.0,46929.0,46375.3,44797.0,41637.6,46617.7,45577.4,45867.6,42093.9,46428.2,47099.3,47235.7
Q,CLV10_MEUR,NSA,P62,SE,,,,,,,,,,,,,,,,,,,,,,,,,,,,,,,,,,,,,,,,,,,,,,,,,,,,,,,,,,,,,,,,,,,,,,,,,3460.5,3680.5,3898.0,3755.0,3605.0,3737.2,4054.2,3803.0,3476.0,3910.7,4056.6,3624.2,3680.1,3850.2,4045.6,3855.0,3892.4,4560.6,4667.1,4661.8,4370.6,4866.8,5292.2,5169.1,4881.5,5548.5,5747.7,5679.1,5414.6,5969.6,6409.5,6796.2,6455.8,6790.5,7219.6,7221.3,6450.2,6989.1,7115.5,7035.5,6620.6,6974.9,7245.3,7594.6,7123.3,7957.5,8211.3,8425.5,7441.2,8254.2,8751.6,9744.5,8778.1,9308.1,9447.9,9739.1,9144.2,10173.4,10088.6,10319.2,9647.9,10205.2,10384.0,11062.2,10124.7,10488.7,10320.5,10315.3,9391.4,9907.1,10270.0,10816.5,9360.3,10374.9,10524.7,11132.0,10207.7,11128.3,10786.8,11406.2,11023.7,11863.7,12020.6,12743.7,11012.5,12122.7,12493.8,14083.2,12906.3,13908.7,14273.2,15719.6,13690.5,15040.2,14598.5,16234.3,13035.7,14736.9,14636.4,16119.6,13575.7,14367.0,14866.8,17562.5,15617.0,17638.6,17650.4,17671.8,15530.2,13581.3,13831.3,17348.9,15990.1,17048.7,16781.1,20046.9,17725.3,19740.7,19343.2,22642.7,20341.8,21313.3,21905.0,23690.4,20633.3,22526.8,23364.2,25592.1,22339.4,23779.8
Q,CLV10_MEUR,NSA,P7,SE,,,,,,,,,,,,,,,,,,,,,,,,,,,,,,,,,,,,,,,,,,,,,,,,,,,,,,,,,,,,,,,,,,,,,,,,,14356.9,14594.9,14512.0,16425.7,15717.2,16790.4,16152.4,18933.6,17757.3,17928.9,17484.0,19318.5,18251.6,18416.6,18036.8,20372.9,19443.6,21332.0,20614.8,23015.4,22711.1,23240.9,22624.1,25090.4,23699.9,24323.2,24057.0,26811.6,26551.2,27651.2,27454.5,29652.3,28570.0,27342.3,25725.0,28148.6,27133.8,27472.1,25621.0,28512.7,27759.7,27775.0,26821.4,29918.9,28457.5,30073.6,28867.1,32615.4,29794.5,32171.3,30897.7,35357.3,33273.8,34182.8,33381.4,37857.2,36376.2,36982.0,37035.8,40596.4,38666.5,40429.1,37715.8,38453.5,33157.0,32005.6,32537.1,35796.5,34684.8,37429.6,37292.9,40343.9,39025.0,40316.2,39014.2,41443.6,40173.9,40449.5,38993.9,41062.3,38866.5,41023.3,39643.7,42552.2,40940.7,43004.0,42177.8,46503.1,43846.9,44442.5,44866.9,49467.6,46806.0,48741.3,46600.3,50758.4,48103.0,50004.6,49390.3,53881.3,51205.3,52614.5,49919.1,56061.8,52855.6,53739.0,52229.0,55140.0,51553.7,45948.1,48112.9,54865.3,53918.4,55354.1,55329.3,62710.6,59673.7,62691.7,61497.2,65729.2,61224.0,62416.3,58986.2,65469.3,61322.8,63219.9,62212.4,67118.6,62639.6,67287.8
Q,CLV10_MEUR,NSA,P71,SE,,,,,,,,,,,,,,,,,,,,,,,,,,,,,,,,,,,,,,,,,,,,,,,,,,,,,,,,,,,,,,,,,,,,,,,,,10225.4,10426.7,9841.4,11712.3,11235.9,12068.2,11085.4,14033.7,12967.0,13006.3,12239.0,14260.9,13228.8,13297.3,12560.4,14840.2,13956.1,15302.5,14118.8,16576.7,16201.3,16447.5,15654.4,17870.8,16608.0,17012.3,16417.2,19069.7,18647.4,19525.4,19059.1,21018.9,19848.3,18706.5,17188.9,19371.5,18708.5,18987.5,17425.0,20031.4,19706.8,19666.2,18547.0,21156.4,20549.3,21363.2,20495.6,23075.8,21597.2,23330.4,21632.7,25123.8,24061.5,24574.8,23771.9,27412.5,27051.8,26911.4,26731.4,29165.8,28268.3,29876.3,26906.6,26811.2,23139.5,21991.0,22530.3,25525.5,25296.7,27911.8,27063.4,29640.4,29199.0,30471.2,28566.2,30445.2,29657.9,29784.1,28355.6,29933.3,28191.0,29424.0,27971.0,30306.4,29448.9,30936.6,29626.5,31955.1,30900.8,31378.3,31457.9,34503.9,32908.0,34386.6,32629.9,35934.8,34341.8,35192.7,34081.5,38095.6,36686.3,38234.2,34654.2,39550.6,37153.6,37401.7,35797.9,38206.7,36062.4,32770.1,34684.4,38967.4,38990.9,39759.6,37825.8,42701.8,40619.2,41507.3,39355.2,42532.1,39770.2,40605.7,37562.3,40775.8,38654.3,39917.3,38078.7,41193.0,39530.1,41900.5
Q,CLV10_MEUR,NSA,P72,SE,,,,,,,,,,,,,,,,,,,,,,,,,,,,,,,,,,,,,,,,,,,,,,,,,,,,,,,,,,,,,,,,,,,,,,,,,4094.0,4128.3,4661.8,4669.9,4437.8,4671.9,5049.5,4818.3,4716.3,4856.0,5222.3,4962.2,4955.5,5058.2,5478.0,5447.6,5433.5,5971.1,6502.3,6369.4,6456.4,6750.5,6959.8,7163.0,7062.2,7283.2,7646.8,7684.5,7867.9,8080.5,8375.1,8578.6,8703.8,8645.8,8584.1,8776.6,8425.8,8482.1,8212.0,8457.8,8028.1,8086.3,8271.6,8739.4,7880.1,8687.3,8349.8,9516.4,8166.9,8807.8,9246.8,10206.4,9174.6,9574.3,9584.6,10400.6,9236.6,10015.9,10262.3,11392.6,10336.0,10475.2,10774.6,11631.5,10004.6,10014.4,10000.4,10237.7,9386.3,9522.7,10226.1,10703.8,9826.0,9845.0,10447.9,10998.4,10515.0,10663.9,10634.6,11125.5,10664.0,11576.7,11636.1,12215.5,11478.6,12053.9,12487.8,14428.1,12886.5,13008.2,13335.3,14868.4,13829.6,14296.9,13887.3,14777.4,13759.3,14742.4,15149.7,15733.9,14522.1,14445.2,15140.6,16444.2,15632.5,16232.2,16277.9,16809.7,15412.8,13179.5,13472.1,15881.2,15021.7,15648.0,17249.0,19693.0,18801.4,20779.8,21583.1,22655.7,21022.3,21370.7,21007.8,24231.3,22236.9,22861.9,23624.6,25383.3,22671.5,24881.5
Q,CLV10_MEUR,SCA,B1G,SE,,,,,,,,,,,,,,,,,,,,,,,,,,,,,,,,,,,,,,,,,,,,,,,,,,,,,,,,,,,,,,,,,,,,,,,,,50138.2,50588.5,50946.1,51073.4,51749.8,52486.8,52754.5,54055.5,55118.0,55378.7,55257.6,56131.1,56602.1,56055.6,56392.5,57085.1,57218.4,58355.4,58806.4,59684.7,59822.3,60611.4,61278.0,62094.2,62597.6,62746.3,63710.8,64497.6,64895.0,66697.1,67533.1,68278.5,67444.1,67485.0,68181.7,68421.6,68999.9,69748.2,69316.8,69461.4,70460.4,70386.5,70928.9,71446.3,72481.8,73302.8,73968.0,74462.9,74221.2,75173.9,76171.5,76424.9,78079.2,79092.1,79773.3,80676.4,81138.2,82070.7,82235.8,82873.2,82771.8,82076.5,81522.7,78117.0,77162.9,77438.3,77576.2,77797.2,78796.3,81494.6,83128.4,83860.5,84569.4,85313.5,86045.8,83515.5,84335.0,85254.6,85432.9,84412.2,84926.8,85216.1,86008.5,86875.4,87191.4,87554.0,88095.8,88798.2,89668.9,91761.0,91604.1,92461.0,91869.8,92628.5,93036.9,93439.2,94471.1,94585.6,95134.1,95374.6,95929.6,96409.3,96675.3,97928.1,98093.9,99625.0,99354.8,100852.2,100695.6,91492.9,97163.4,98714.4,101186.7,101933.2,101395.7,103522.2,103325.2,104099.3,103723.9,102961.8,104703.9,103639.4,104352.4,103764.8,104673.0,104371.1,105264.0,105689.0,105458.7,105898.0
Q,CLV10_MEUR,SCA,B1GQ,SE,,,,,,,,,,,,,,,,,,,,,,,,,,,,,,,,,,,,,,,,,,,,,,,,,,,,,,,,,,,,,,,,,,,,,,,,,58239.9,58705.4,59032.1,59147.0,59959.2,60741.8,61035.3,62389.4,63218.0,63588.0,63533.3,64409.3,64911.0,64264.6,64578.5,65380.5,65604.6,66689.2,67099.5,68261.9,68546.6,69252.7,69998.8,70969.3,71414.4,71777.5,72868.3,73722.5,73892.1,76068.8,76829.7,76928.9,76911.5,76611.4,77254.3,77599.0,78214.3,79095.9,78947.7,79092.3,80050.6,79916.2,80576.6,81124.2,82416.1,83030.2,83706.4,84148.3,84454.5,85154.2,86401.6,86574.6,88172.6,89626.7,90414.2,91263.3,91730.8,92772.8,93070.5,94015.2,93638.3,93057.3,92269.3,88563.4,87703.1,88116.5,88083.0,88260.6,89641.1,92623.6,94178.9,94877.2,95536.1,96326.8,97188.6,94356.0,95347.2,95898.2,96507.0,95385.6,96033.9,96317.2,97118.4,97893.8,98328.9,98827.8,99644.5,99998.1,101232.3,103538.2,103549.2,104613.5,104174.1,105060.8,105483.7,106019.0,106934.7,107161.8,107598.1,108144.1,108712.9,109338.8,109255.6,110570.2,110905.3,112449.9,112100.1,113916.1,113916.7,104140.4,110161.0,111677.4,114436.2,115355.3,114879.2,117253.5,116891.9,117765.2,117107.6,116212.3,117711.8,116701.6,117131.2,116550.7,117650.9,117243.0,118212.1,118729.0,118509.7,119066.0
Q,CLV10_MEUR,SCA,D21,SE,,,,,,,,,,,,,,,,,,,,,,,,,,,,,,,,,,,,,,,,,,,,,,,,,,,,,,,,,,,,,,,,,,,,,,,,,8566.4,8579.7,8545.3,8530.5,8663.2,8708.7,8734.6,8780.3,8533.5,8655.7,8726.2,8720.8,8764.5,8676.7,8646.3,8763.4,8877.7,8797.3,8744.4,9041.2,9190.8,9100.7,9167.7,9323.3,9257.0,9486.2,9689.8,9693.2,9495.9,9883.0,9783.2,9128.6,9977.5,9644.9,9532.0,9673.9,9718.4,9822.0,10176.3,10154.8,10066.1,10051.8,10266.2,10261.1,10519.8,10307.8,10288.1,10255.5,10810.5,10505.8,10747.7,10672.1,10625.9,11049.3,11182.3,11171.8,11126.9,11201.6,11379.8,11745.2,11430.1,11576.6,11330.6,11003.1,11125.5,11297.4,11110.2,11065.7,11468.5,11763.1,11659.5,11598.0,11623.0,11646.2,11776.0,11455.0,11625.9,11269.1,11724.0,11611.7,11617.3,11632.1,11636.1,11587.8,11700.6,11865.5,12137.6,11807.5,12199.4,12417.4,12599.4,12803.8,12950.3,13082.3,13101.8,13240.9,13165.3,13255.4,13141.3,13451.4,13420.8,13613.1,13278.7,13361.8,13487.5,13478.3,13395.0,13716.4,13932.3,13321.9,13662.1,13634.0,13907.6,14095.0,14186.8,14358.7,14290.8,14386.5,14087.7,13945.4,13646.7,13708.4,13394.8,13452.8,13626.8,13503.9,13579.1,13657.4,13652.5,13781.9
Q,CLV10_MEUR,SCA,D21X31,SE,,,,,,,,,,,,,,,,,,,,,,,,,,,,,,,,,,,,,,,,,,,,,,,,,,,,,,,,,,,,,,,,,,,,,,,,,8176.6,8189.7,8154.9,8141.2,8279.2,8322.4,8347.6,8395.2,8143.0,8255.9,8326.3,8323.3,8351.1,8249.4,8221.6,8332.0,8429.1,8356.3,8305.6,8605.4,8764.4,8663.7,8741.8,8900.1,8831.3,9062.0,9187.7,9251.5,8999.6,9385.0,9293.5,8583.1,9475.8,9109.5,9044.9,9154.8,9189.0,9324.3,9631.9,9630.6,9577.3,9513.6,9634.3,9661.9,9924.8,9699.6,9706.1,9646.1,10221.9,9951.6,10206.3,10120.8,10058.3,10507.3,10613.8,10554.7,10559.1,10668.0,10803.1,11115.6,10833.7,10953.5,10715.5,10420.3,10515.8,10654.8,10481.2,10436.7,10820.4,11103.0,11021.1,10985.8,10938.7,10985.1,11114.2,10813.0,10983.9,10617.2,11045.8,10945.3,11080.0,11073.6,11081.8,10988.9,11108.3,11244.9,11520.8,11169.4,11534.1,11746.4,11916.9,12125.5,12283.5,12412.0,12425.5,12560.0,12438.2,12552.9,12436.7,12747.8,12759.7,12906.6,12552.8,12613.0,12785.0,12797.2,12717.4,13036.4,13195.5,12631.5,12975.5,12938.0,13216.5,13391.7,13458.2,13704.3,13535.3,13634.4,13346.6,13212.9,12964.8,13021.9,12733.3,12741.7,12935.3,12826.3,12900.6,12994.1,13007.0,13126.8
Q,CLV10_MEUR,SCA,D31,SE,,,,,,,,,,,,,,,,,,,,,,,,,,,,,,,,,,,,,,,,,,,,,,,,,,,,,,,,,,,,,,,,,,,,,,,,,365.4,365.6,365.9,365.0,360.4,362.5,363.2,361.6,367.8,376.8,376.7,374.3,389.5,402.7,400.2,406.5,423.5,416.0,414.0,410.4,399.7,411.0,399.3,395.9,398.8,396.4,475.1,413.4,472.0,471.6,463.3,526.8,474.0,513.5,461.5,495.4,505.5,471.8,518.8,497.9,462.1,512.8,608.0,574.5,568.6,581.9,556.5,583.3,562.8,529.8,517.6,527.1,543.9,512.8,540.9,594.1,540.5,502.8,548.5,603.5,568.7,595.6,588.4,556.4,582.5,614.4,601.3,601.3,619.5,630.9,609.9,584.5,655.8,632.5,632.9,614.0,612.6,624.4,649.8,638.0,503.7,525.5,521.3,567.8,560.1,588.5,583.4,606.8,633.0,637.9,649.0,644.0,630.9,633.9,640.1,644.1,693.6,666.9,670.0,666.8,618.5,667.6,692.6,717.4,664.6,641.3,638.2,638.5,698.2,652.4,646.0,656.5,648.0,659.8,687.6,602.5,720.1,714.9,705.6,697.3,638.6,643.3,617.0,677.8,650.6,635.4,635.5,615.7,594.0,603.8
Q,CLV10_MEUR,SCA,P3,SE,,,,,,,,,,,,,,,,,,,,,,,,,,,,,,,,,,,,,,,,,,,,,,,,,,,,,,,,,,,,,,,,,,,,,,,,,,,,,48908.2,48785.2,48936.4,49084.1,49199.6,49462.3,49606.0,49579.5,49734.4,49829.2,50441.7,50638.5,50658.9,51103.6,51487.5,51764.5,52107.7,52668.8,53382.9,53704.6,54029.0,54259.1,54719.5,55779.7,56203.3,56699.6,57152.1,56872.0,56956.2,56990.2,57197.6,57255.6,58158.4,58266.8,58302.1,58658.5,58697.4,58874.5,59231.2,59537.6,59792.0,59649.8,59796.3,60120.5,60602.5,60874.9,61456.7,61611.9,61835.2,62479.4,62924.3,63652.9,63730.5,64403.6,65150.0,65697.9,65151.9,65137.1,64763.1,64480.4,65415.5,65774.6,66051.9,66433.3,67246.7,67597.4,68104.1,68287.9,68501.8,69069.0,68864.7,68822.0,69288.8,69559.6,70041.1,70130.6,70501.3,70729.7,71267.2,71599.1,71758.6,72581.3,72818.3,73642.2,74313.0,74672.5,75270.3,76084.9,76448.9,76876.3,77075.9,77492.8,78272.7,78143.6,78394.1,78828.9,79178.2,79829.1,79524.6,79958.9,79782.2,79737.0,80340.8,80357.0,80550.1,74829.4,78197.7,78219.4,79918.3,80893.9,82620.3,82905.9,82830.0,83720.9,83450.2,82992.7,82611.1,82916.6,82551.7,83294.8,83607.1,83160.8,83550.1,83816.3,84077.6,84312.2
Q,CLV10_MEUR,SCA,P31_S13,SE,,,,,,,,,,,,,,,,,,,,,,,,,,,,,,,,,,,,,,,,,,,,,,,,,,,,,,,,,,,,,,,,,,,,,,,,,,,,,14315.3,14447.1,14403.9,14369.3,14671.4,14717.1,14746.9,14802.8,14777.1,14843.3,14937.1,15263.5,14492.2,14772.7,14993.4,14935.0,15184.6,15224.0,15527.4,15570.2,15525.2,15562.4,15614.4,15505.0,15346.8,15386.4,15408.5,15402.8,15609.5,15632.0,15641.5,15876.5,15984.7,16040.2,16065.1,16122.8,16120.6,16143.9,16197.0,16148.4,16015.3,15994.4,15919.0,15880.5,16048.3,16084.8,16056.8,16105.7,16252.8,16310.2,16414.4,16485.8,16362.1,16481.8,16480.2,16585.9,16547.6,16584.1,16669.1,16654.4,16984.2,16928.3,16964.7,17024.3,17022.7,17079.0,17091.2,17218.4,17163.0,17190.0,17230.1,17201.5,17226.8,17324.7,17378.8,17362.5,17451.7,17440.8,17473.2,17569.2,17550.5,17663.7,17806.2,17883.3,18035.1,18001.6,18198.0,18384.2,18734.9,18994.0,18960.9,18982.3,18881.0,18899.8,19035.0,19041.8,18893.8,19038.9,18926.9,19000.5,19091.5,18927.6,18862.7,18950.4,18724.4,18059.9,18487.2,18639.4,19010.4,19202.1,19139.5,18977.4,18976.2,18979.3,19123.5,19150.4,19134.4,19082.5,19044.9,19176.7,19235.4,19244.2,19248.4,19251.9,19278.3,19291.0
Q,CLV10_MEUR,SCA,P31_S14,SE,,,,,,,,,,,,,,,,,,,,,,,,,,,,,,,,,,,,,,,,,,,,,,,,,,,,,,,,,,,,,,,,,,,,,,,,,,,,,28171.4,28074.1,28131.7,28191.8,28380.1,28561.4,28702.0,28546.5,28878.9,29056.2,29496.3,29336.5,29857.2,30242.8,30168.1,30388.1,30613.9,31092.5,31335.3,31644.3,32016.4,32221.1,32529.1,33663.3,34074.9,34453.5,34625.9,34617.2,34727.0,34680.7,34786.8,34697.7,35389.5,35402.7,35447.6,35608.0,35613.7,35782.1,36120.5,36391.8,36879.8,36710.1,37036.1,37282.5,37612.8,37844.9,38520.7,38529.3,38640.8,39158.5,39408.9,39981.0,40348.3,40752.9,41546.8,41805.2,41486.2,41351.2,40952.1,40526.4,41010.5,41574.0,41806.2,41889.1,42843.1,43003.8,43544.7,43557.5,43912.8,44354.7,44118.1,44044.2,44433.5,44525.7,44831.8,44965.0,45152.6,45313.3,45834.4,46041.6,46213.9,46802.6,46936.6,47582.3,48168.0,48564.9,48978.3,49479.8,49532.2,49541.8,50045.7,50379.5,51123.5,50821.8,51023.4,51422.5,51838.6,52217.2,52011.4,52326.0,52036.4,52257.0,52930.3,52903.8,53398.6,48064.2,51179.6,50934.0,52006.9,52743.3,54861.8,55260.7,55036.8,55932.4,55297.3,54889.5,54234.1,54389.6,54170.6,54684.8,54728.4,54428.7,54658.3,54994.4,55112.6,55356.1
Q,CLV10_MEUR,SCA,P31_S14_S15,SE,,,,,,,,,,,,,,,,,,,,,,,,,,,,,,,,,,,,,,,,,,,,,,,,,,,,,,,,,,,,,,,,,,,,,,,,,,,,,29059.3,28968.9,29019.8,29080.5,29163.6,29522.0,29475.1,29325.7,29694.5,29885.9,30333.7,30173.5,30705.5,31099.6,31027.5,31241.9,31462.0,31949.2,32208.1,32522.8,32817.9,33020.6,33345.4,34486.8,35114.4,35495.4,35676.0,35679.5,35793.3,35751.6,35861.7,35784.1,36493.0,36517.6,36565.4,36740.6,36778.9,36962.1,37302.2,37575.2,38058.0,37884.3,38210.6,38466.1,38820.4,39064.0,39751.4,39778.4,39877.2,40393.0,40650.8,41228.3,41589.0,41992.7,42785.7,43046.3,42739.8,42606.6,42205.1,41778.7,42245.9,42800.8,43019.5,43097.1,44065.1,44238.4,44764.4,44748.6,45079.3,45517.1,45278.0,45202.2,45592.8,45687.2,45984.0,46096.4,46252.5,46400.3,46921.7,47140.9,47356.3,47958.4,48097.7,48753.5,49356.2,49761.5,50182.4,50677.3,50705.3,50712.5,51226.4,51582.3,52366.8,52078.6,52289.1,52691.2,53079.2,53452.0,53263.6,53573.8,53282.1,53512.2,54184.6,54165.7,54663.2,49302.3,52411.3,52187.9,53282.3,54041.4,56162.6,56548.5,56307.3,57199.0,56566.5,56146.7,55525.3,55721.8,55518.6,56053.2,56090.3,55774.2,56013.8,56370.9,56482.9,56729.2
Q,CLV10_MEUR,SCA,P31_S15,SE,,,,,,,,,,,,,,,,,,,,,,,,,,,,,,,,,,,,,,,,,,,,,,,,,,,,,,,,,,,,,,,,,,,,,,,,,,,,,909.8,920.8,910.6,910.8,765.4,1004.6,747.9,757.8,804.1,821.2,827.2,828.3,838.4,846.1,849.9,841.1,832.6,839.8,858.1,862.9,767.8,764.0,782.4,784.1,1037.7,1038.5,1047.1,1061.7,1065.3,1070.9,1075.0,1088.3,1104.8,1117.4,1120.5,1136.5,1171.9,1187.8,1188.5,1189.7,1182.3,1178.3,1177.7,1187.0,1212.1,1224.0,1234.9,1254.7,1240.9,1237.8,1245.2,1249.9,1242.6,1241.1,1239.1,1241.0,1254.5,1256.7,1254.5,1254.2,1236.4,1227.3,1213.3,1207.7,1222.0,1234.9,1219.6,1190.9,1166.5,1162.4,1159.9,1158.0,1159.4,1161.6,1152.5,1132.1,1101.9,1089.4,1090.1,1101.9,1142.9,1156.5,1161.6,1172.0,1188.9,1197.5,1205.2,1199.5,1177.2,1174.8,1185.0,1206.2,1245.2,1257.1,1265.9,1269.3,1244.2,1239.5,1255.2,1251.7,1249.2,1258.2,1259.1,1266.0,1269.5,1232.7,1234.5,1253.8,1276.0,1298.1,1305.9,1295.1,1279.7,1278.8,1279.4,1267.7,1296.0,1332.8,1346.1,1365.7,1360.2,1344.9,1354.3,1373.9,1368.8,1371.9
Q,CLV10_MEUR,SCA,P32_S13,SE,,,,,,,,,,,,,,,,,,,,,,,,,,,,,,,,,,,,,,,,,,,,,,,,,,,,,,,,,,,,,,,,,,,,,,,,,,,,,6034.7,6028.2,5998.7,5932.3,5874.0,5828.0,5862.2,5811.4,5685.4,5651.7,5582.6,5567.2,5664.5,5649.1,5857.3,5884.6,5819.7,5870.6,5954.6,5938.9,6068.7,6063.5,5931.3,5998.2,6016.5,5947.3,6018.5,5883.1,5704.3,5698.4,5757.3,5715.3,5782.3,5818.4,5807.8,5880.3,5860.5,5843.9,5862.8,5835.6,5794.5,5807.8,5754.0,5793.2,5774.0,5756.4,5673.6,5669.1,5800.3,5752.0,5882.4,5851.9,5847.3,5920.3,5881.3,5950.6,5859.8,5989.5,5992.5,5959.0,6158.7,6029.8,6156.4,6238.7,6194.7,6289.6,6268.8,6299.6,6304.3,6367.6,6363.3,6417.5,6510.6,6519.1,6659.1,6670.2,6840.2,6879.7,6858.3,6873.8,6871.6,6941.8,6954.2,7010.9,6943.1,6893.1,6989.5,7096.6,7003.8,7132.2,6999.3,7008.5,7090.2,7147.7,7164.7,7161.3,7275.9,7384.3,7440.7,7479.4,7477.5,7327.4,7456.6,7406.7,7352.3,7433.9,7452.3,7489.5,7585.8,7655.7,7633.3,7771.8,7762.7,7785.5,8005.5,8017.3,8095.6,8273.5,8153.9,8338.6,8392.3,8355.7,8436.7,8438.1,8492.0,8513.5
Q,CLV10_MEUR,SCA,P3_P5,SE,,,,,,,,,,,,,,,,,,,,,,,,,,,,,,,,,,,,,,,,,,,,,,,,,,,,,,,,,,,,,,,,,,,,,,,,,,,,,59720.0,60996.0,61233.6,62464.0,62055.6,62417.1,62899.7,63958.0,63888.0,62527.7,63561.3,64653.2,63631.6,64625.0,65289.9,66535.9,66938.5,67693.9,68179.2,69062.2,69314.9,69370.5,70536.7,71570.0,71647.8,73900.7,74576.9,73769.7,74639.7,73902.0,73784.3,73799.8,74504.0,74962.7,75058.9,75357.2,76491.7,75748.2,75691.0,76447.2,76533.9,76787.7,77603.7,78497.4,78375.3,78830.4,79088.0,80618.5,80465.4,82741.4,83698.2,84573.2,85730.1,86349.3,88142.4,88573.4,87730.0,88047.6,87140.9,84515.0,83716.6,83095.3,83569.8,84880.8,86014.3,88421.5,90007.0,89654.4,91040.3,91928.5,91624.5,90197.5,90704.2,90697.3,91780.7,90866.0,91228.1,92100.2,92626.9,93882.2,94335.1,95429.3,95791.9,96920.7,98320.3,99170.0,100074.6,101579.4,101891.0,102970.5,103169.3,102968.6,104800.3,104960.4,105911.7,105885.5,107265.0,107665.9,106085.1,107846.3,107335.2,107235.1,106135.5,109283.5,108099.8,101059.1,104990.8,105832.9,109274.6,109426.9,111157.1,113418.1,113696.9,115193.3,114797.3,112108.0,113091.9,112447.5,110870.4,111327.3,113647.0,111622.5,113319.7,113526.3,112653.4,114627.0
Q,CLV10_MEUR,SCA,P3_P6,SE,,,,,,,,,,,,,,,,,,,,,,,,,,,,,,,,,,,,,,,,,,,,,,,,,,,,,,,,,,,,,,,,,,,,,,,,,,,,,75566.9,77199.0,77777.4,80247.5,80843.0,81345.0,81758.2,82799.0,82979.8,82472.9,83311.8,85066.8,85368.2,87540.2,88603.0,90600.6,91351.2,92381.6,93620.4,95058.3,95284.2,95921.0,98028.2,99196.5,100234.2,103770.0,105800.1,105299.9,105350.7,103989.5,104238.1,104623.3,105588.4,106370.3,105600.3,106420.2,108150.6,107685.0,108504.8,109785.9,111083.8,112894.0,113703.1,114886.6,114999.7,116716.4,118469.4,119939.1,121597.3,123872.0,125283.5,127389.6,128295.1,129819.3,131765.4,133214.9,133174.1,132740.7,131228.2,125714.7,121625.0,119892.8,121489.4,122710.6,125005.3,129503.1,132530.0,133504.3,135032.1,136278.9,137338.4,134007.7,135791.9,136286.2,136892.8,135094.6,135687.1,137043.5,137939.5,138974.6,140104.3,141802.3,142999.7,144617.5,145908.3,147840.3,149565.7,151632.4,152054.4,152933.5,153283.3,153909.7,155307.7,157031.6,158424.3,159160.9,160342.9,161302.2,160727.0,163913.9,164163.6,165835.5,165642.5,166444.8,165986.9,149593.0,159713.9,163583.5,169167.3,169625.5,171303.0,175708.9,176863.3,179005.6,179391.1,177307.3,179005.2,177851.7,177304.4,177723.1,179619.4,178755.2,181127.9,181848.6,182281.6,184760.6
Q,CLV10_MEUR,SCA,P3_S13,SE,,,,,,,,,,,,,,,,,,,,,,,,,,,,,,,,,,,,,,,,,,,,,,,,,,,,,,,,,,,,,,,,,,,,,,,,,,,,,20352.3,20463.9,20430.2,20370.5,20574.7,20545.0,20600.5,20568.7,20574.8,20558.8,20428.3,20640.6,20506.0,20539.2,20675.8,20585.0,21259.7,21271.5,21441.6,21406.3,21656.1,21641.6,21519.5,21519.5,21390.1,21358.5,21415.5,21299.2,21330.0,21372.8,21436.8,21601.3,21770.7,21865.0,21901.8,22013.9,22022.4,22017.5,22065.0,21987.4,21821.0,21816.2,21716.3,21699.1,21799.1,21790.1,21765.7,21824.4,22036.3,22067.8,22284.5,22335.0,22263.6,22436.6,22370.1,22538.6,22438.7,22567.6,22693.4,22654.6,23098.2,22990.5,23145.2,23279.0,23221.9,23377.7,23376.7,23491.3,23487.3,23554.6,23590.0,23640.3,23735.6,23865.1,24055.7,24088.2,24304.2,24317.6,24348.5,24475.7,24458.9,24665.9,24763.4,24864.0,24994.0,24959.4,25256.3,25494.2,25755.0,26047.1,25967.4,26033.5,26022.7,26043.3,26203.1,26221.7,26219.8,26434.9,26390.4,26454.8,26573.9,26316.1,26311.4,26348.1,26106.2,25491.3,25926.7,26142.3,26601.9,26780.6,26719.9,26761.8,26755.3,26748.0,27059.8,27082.6,27155.3,27335.6,27217.7,27453.6,27539.1,27530.6,27659.7,27652.5,27713.7,27764.8
Q,CLV10_MEUR,SCA,P41,SE,,,,,,,,,,,,,,,,,,,,,,,,,,,,,,,,,,,,,,,,,,,,,,,,,,,,,,,,,,,,,,,,,,,,,,,,,42117.7,42362.1,42635.7,42979.6,43010.9,42906.0,43112.7,43260.2,43451.9,43765.4,43864.6,43855.7,44149.9,44289.7,44917.3,45108.1,45097.0,45551.4,45684.2,45957.5,46382.0,46910.4,47474.2,47832.7,48043.6,48300.0,48831.1,49835.2,50239.8,50821.2,51135.6,51022.3,51282.2,51334.5,51448.7,51557.7,52396.5,52479.8,52512.8,52797.2,52856.8,53063.3,53390.6,53709.2,54000.1,53859.3,54070.1,54330.4,54830.9,55115.3,55790.5,55932.8,56030.1,56726.2,57037.8,57792.5,57896.8,58476.5,59268.5,59739.1,59306.4,59131.9,58776.7,58532.4,59240.4,59734.9,59904.2,60209.1,61048.3,61290.5,61841.2,62007.7,62196.5,62679.5,62509.3,62427.9,62768.7,63025.9,63381.0,63478.3,63651.3,63834.3,64413.0,64721.1,64900.5,65625.5,65884.8,66605.2,67384.9,67777.6,68318.3,68975.6,69457.2,69727.2,70138.2,70499.9,71182.3,70959.5,71280.7,71689.1,71896.9,72415.2,72125.6,72481.8,72286.4,72374.8,72958.7,72944.5,73179.6,67295.1,70918.2,70705.1,72273.8,73097.4,75179.2,75169.0,75035.6,75818.4,75548.1,74992.3,74488.2,74544.4,74485.5,74930.8,75157.6,74762.1,75128.8,75357.3,75526.5,75763.1
Q,CLV10_MEUR,SCA,P51G,SE,,,,,,,,,,,,,,,,,,,,,,,,,,,,,,,,,,,,,,,,,,,,,,,,,,,,,,,,,,,,,,,,,,,,,,,,,11186.0,11071.0,10783.0,11016.6,11687.1,11353.7,11571.0,12639.5,12368.5,12257.4,12886.9,13745.9,13065.4,13058.7,13580.7,14213.5,13162.9,13734.7,13372.2,14337.1,14254.5,14515.9,14646.9,15382.4,15239.1,15094.7,15907.9,15948.7,15903.7,16308.8,16582.1,17026.4,16864.1,16486.7,16697.1,17508.2,16289.6,17078.9,16867.5,16770.0,17357.0,16833.6,16788.9,16906.3,17120.6,17614.4,18007.2,18335.4,18060.1,18299.5,18608.9,18437.1,19051.2,20478.6,20532.1,20818.2,21646.9,22165.3,21779.0,22250.9,22698.5,22140.7,21887.1,21520.6,19682.8,19379.4,18921.8,19356.7,18863.4,20076.9,21145.0,21523.4,20782.7,22276.6,22163.6,21255.4,21690.8,21328.2,20866.2,21972.2,20474.6,21374.2,21956.3,21974.3,22721.3,22583.3,22655.4,22818.1,23770.2,24128.3,23868.3,24889.6,24596.3,25517.3,25513.6,25669.6,26049.3,26540.0,27174.6,26117.3,27520.4,26863.9,26474.1,26454.9,26487.7,26625.8,25751.7,28206.9,28293.0,26380.5,27131.9,27229.6,29574.9,29279.0,28690.5,28651.5,29497.5,29508.4,29191.7,28343.9,29403.2,29097.3,29177.0,29121.6,29355.9,28736.7,29132.8,29514.8,28682.8,29180.3
Q,CLV10_MEUR,SCA,P5G,SE,,,,,,,,,,,,,,,,,,,,,,,,,,,,,,,,,,,,,,,,,,,,,,,,,,,,,,,,,,,,,,,,,,,,,,,,,10754.7,10862.9,10355.9,10891.5,10981.9,12241.9,12244.6,13368.2,12880.9,12978.8,13307.6,14355.1,14147.5,12725.7,13141.2,14017.4,12991.9,13535.7,13814.7,14773.4,14833.0,15027.0,14803.3,15359.1,15289.4,15119.1,15814.8,15793.7,15455.1,17186.9,17409.2,16889.0,17652.9,16902.2,16587.6,16546.7,16363.8,16704.3,16763.7,16710.6,17774.8,16882.2,16483.3,16922.8,16752.5,17144.6,17808.8,18374.2,17776.9,17960.0,17634.4,19013.6,18637.5,20280.3,20795.2,20941.1,22032.3,21975.9,23031.0,22911.2,22612.5,22947.2,22411.5,20052.4,18320.1,17336.4,17534.1,18466.3,18781.4,20822.7,21894.4,21362.7,22538.5,22859.5,22759.7,21375.5,21401.9,21119.9,21727.1,20710.4,20699.8,21350.7,21337.6,22271.3,22570.6,22842.3,22968.7,23274.3,24009.0,24503.7,24811.9,25507.3,25451.5,26107.5,26106.3,25483.0,26541.4,26833.7,27540.3,27073.7,28106.5,27855.6,26576.5,27906.2,27571.5,27516.5,25814.1,28944.5,27568.1,26249.3,26811.3,27634.8,29396.8,28558.9,28555.8,30554.8,30907.8,31515.7,31390.1,29143.3,30519.2,29581.3,28381.0,28101.5,30096.8,28515.5,29825.9,29766.2,28628.4,30372.9
Q,CLV10_MEUR,SCA,P6,SE,,,,,,,,,,,,,,,,,,,,,,,,,,,,,,,,,,,,,,,,,,,,,,,,,,,,,,,,,,,,,,,,,,,,,,,,,14793.6,15015.2,16048.7,16036.8,16803.1,17222.3,17468.7,18586.5,19475.0,19615.5,19579.5,19617.8,19834.5,20474.2,20370.5,20993.5,22127.6,23214.4,23596.6,24317.7,24652.3,24930.0,25625.0,26158.7,26150.1,26680.9,27579.4,27739.8,28643.2,29902.7,31185.8,31450.7,30709.1,30107.0,30445.5,30790.9,31054.7,31369.2,30561.4,31057.2,31645.0,31902.5,32748.0,33265.2,34497.2,36049.5,36043.0,36332.5,36570.5,37839.2,39344.1,39276.9,41082.3,41081.5,41535.7,42765.0,42520.1,43417.2,43578.6,44586.8,45375.1,44635.0,44031.6,41164.6,37925.7,36828.0,37935.6,37857.1,39009.3,41087.7,42520.3,43828.1,43991.8,44350.4,45713.9,43810.2,45103.7,45614.2,45118.7,44227.2,44447.4,44933.8,45307.0,45057.0,45747.6,46355.6,47230.8,47715.9,47559.6,48681.3,49524.5,50076.0,50183.7,49941.5,50095.5,50975.7,50450.1,52128.6,52568.2,53390.7,53125.7,53710.1,54843.4,56309.6,57114.1,58994.8,59987.5,57410.4,58217.1,48546.6,54964.1,58130.7,60408.2,60735.0,60600.1,62837.3,63770.1,64409.0,65268.8,66028.6,66641.6,66124.9,67195.1,67152.0,66686.7,67918.2,68593.2,69122.8,70532.9,71015.9
Q,CLV10_MEUR,SCA,P61,SE,,,,,,,,,,,,,,,,,,,,,,,,,,,,,,,,,,,,,,,,,,,,,,,,,,,,,,,,,,,,,,,,,,,,,,,,,11227.7,11453.8,12424.7,12356.2,13044.9,13541.7,13674.5,14767.4,15734.4,15712.2,15693.0,15895.4,15905.6,16597.8,16456.4,17026.2,17890.9,18682.1,19065.8,19587.1,19907.0,20059.6,20511.0,20979.8,20885.3,21172.1,22013.2,22122.3,22841.5,23910.4,24931.2,24795.2,23860.0,23338.9,23454.4,23764.7,24178.4,24409.5,23651.2,24220.6,24594.9,24937.0,25665.6,25917.8,26915.8,28125.1,28004.7,28262.5,28607.2,29644.6,30736.3,29976.0,31787.1,31793.6,32184.9,33419.7,32862.0,33284.4,33575.3,34668.3,35150.4,34527.8,33742.0,30564.7,27210.3,26401.4,27712.4,28017.6,29031.6,31245.7,32323.4,33549.2,34044.7,34032.2,35230.1,33259.2,34275.2,34524.2,34298.9,33377.7,32625.3,33085.4,33203.4,32977.0,33926.3,34186.7,34610.8,34438.6,33560.1,34662.9,34980.2,35347.0,35223.8,34794.9,35169.1,35889.5,36352.0,37223.5,37575.7,38537.3,38453.8,39244.1,39543.3,40076.3,40283.8,41128.1,41717.8,41105.0,41573.1,34835.6,40632.2,42168.1,43281.9,43533.1,43145.7,44326.2,44805.4,44385.9,45239.6,45050.5,44940.7,44494.2,44746.5,45191.8,44593.2,45108.0,44855.8,45414.4,46545.3,46862.4
Q,CLV10_MEUR,SCA,P62,SE,,,,,,,,,,,,,,,,,,,,,,,,,,,,,,,,,,,,,,,,,,,,,,,,,,,,,,,,,,,,,,,,,,,,,,,,,3673.9,3658.9,3690.3,3759.2,3819.9,3708.2,3834.9,3817.0,3680.6,3872.2,3853.4,3652.0,3895.4,3798.4,3850.3,3885.4,4164.2,4472.5,4456.0,4664.7,4669.7,4806.2,5066.2,5123.0,5221.0,5484.1,5522.0,5575.9,5759.3,5940.6,6201.2,6641.2,6853.5,6776.4,7010.7,7042.8,6878.3,6962.5,6921.9,6835.8,7054.8,6963.5,7077.0,7349.4,7581.8,7924.8,8043.1,8073.7,7964.0,8194.9,8608.9,9309.5,9299.9,9292.6,9355.0,9346.1,9662.7,10139.4,10008.7,9921.8,10229.0,10111.8,10296.3,10612.5,10734.5,10445.4,10238.8,9852.4,9985.1,9840.6,10195.6,10274.3,9947.0,10318.0,10483.7,10550.6,10817.5,11074.7,10809.2,10831.9,11757.0,11787.7,12034.7,12009.5,11780.5,12113.7,12547.8,13166.0,13839.0,13875.1,14379.3,14560.6,14774.0,14940.0,14741.2,14906.4,14000.7,14772.4,14862.2,14756.6,14575.9,14393.2,15190.8,16086.4,16685.9,17701.3,18098.1,16180.9,16509.9,13603.8,14243.0,15846.8,16972.0,17047.8,17281.0,18303.5,18769.5,19803.7,19813.6,20741.6,21538.8,21474.8,22314.5,21801.6,21969.8,22692.7,23637.9,23602.3,23873.7,24038.9
Q,CLV10_MEUR,SCA,P7,SE,,,,,,,,,,,,,,,,,,,,,,,,,,,,,,,,,,,,,,,,,,,,,,,,,,,,,,,,,,,,,,,,,,,,,,,,,14560.4,14674.3,15060.7,15470.7,15872.2,16785.6,16806.7,17835.4,17792.4,18018.1,18325.2,18355.3,18287.3,18491.2,18790.6,19525.1,20026.0,21100.1,21418.7,22128.0,23023.2,23323.9,23545.1,23997.6,23981.5,24230.9,25034.9,25510.7,26490.3,27733.3,28791.1,28373.0,28492.5,27422.4,27015.7,27065.1,27416.3,27335.4,26780.7,27366.9,28134.9,27820.9,28022.1,28651.6,28745.5,29899.7,30127.1,30791.7,30574.7,31560.8,32167.3,33392.3,33517.7,34247.8,34890.2,36033.2,36656.5,37043.8,38624.3,39009.2,39482.5,39633.1,39012.7,37036.6,33855.1,31851.2,33532.7,34387.8,35410.5,36901.2,38383.2,38575.0,39566.4,39961.3,40159.6,39674.8,40497.1,40389.5,40391.2,39766.1,39703.9,40730.5,40828.6,41101.6,41860.7,43095.1,43478.0,44720.4,44809.5,44357.1,46303.7,47247.0,48119.0,47964.5,48109.5,48190.1,48630.8,50112.6,51279.6,51434.4,52089.9,52360.4,51917.3,53817.7,53734.5,53815.1,54025.2,52917.9,52457.7,45647.8,49904.5,52349.3,55220.4,54608.2,57208.3,59477.7,60953.1,62232.5,63421.8,62258.6,62302.2,62233.4,61287.5,62318.8,62965.0,62606.1,64032.2,64296.8,64893.3,66934.1
Q,CLV10_MEUR,SCA,P71,SE,,,,,,,,,,,,,,,,,,,,,,,,,,,,,,,,,,,,,,,,,,,,,,,,,,,,,,,,,,,,,,,,,,,,,,,,,10297.1,10360.2,10561.3,10868.0,11247.3,11950.3,11922.5,13010.2,12872.0,13001.0,13239.3,13346.2,13139.9,13297.4,13459.7,14030.9,14348.1,15034.1,15083.2,15724.7,16345.6,16466.4,16690.5,16851.0,16736.1,16878.2,17473.6,17881.1,18469.6,19547.9,20412.6,19893.0,19638.6,18731.2,18438.2,18500.5,18785.0,18821.8,18540.8,19168.7,19811.8,19658.5,19696.1,20279.5,20507.8,21146.3,21695.8,21805.3,21954.0,22676.0,22846.4,23793.5,23882.6,24510.2,25211.2,26230.6,26906.6,26810.4,28254.0,28255.1,28596.8,28929.7,28178.9,26063.1,23406.0,21630.9,23532.4,24671.8,25637.3,27187.3,28196.9,28442.5,29386.9,29919.8,29724.3,29221.9,29642.8,29548.3,29709.6,29139.8,28635.0,28991.3,29100.1,29459.8,29925.3,30816.7,30825.6,30987.3,31383.9,31067.0,32754.6,33119.9,33693.1,33448.6,34031.6,34160.4,34349.3,35080.1,35905.0,36471.2,37012.1,37749.8,36569.6,38152.8,37445.5,37244.4,37485.6,36873.1,36341.9,32305.5,36368.5,37368.4,39625.5,38784.6,39613.7,40665.3,41036.5,40787.4,41153.5,40475.3,39932.6,40174.9,39603.1,39132.2,39157.2,39096.3,39795.1,39924.5,40390.7,41350.3
Q,CLV10_MEUR,SCA,P72,SE,,,,,,,,,,,,,,,,,,,,,,,,,,,,,,,,,,,,,,,,,,,,,,,,,,,,,,,,,,,,,,,,,,,,,,,,,4229.7,4281.2,4469.8,4571.3,4586.9,4791.8,4843.2,4760.6,4857.8,4957.0,5023.1,4938.3,5095.3,5139.7,5282.9,5438.3,5624.9,6018.0,6303.4,6356.9,6630.6,6818.1,6808.8,7114.2,7221.3,7331.1,7535.9,7597.4,7995.1,8142.7,8325.3,8444.4,8850.9,8704.1,8591.6,8576.0,8639.4,8515.8,8235.5,8179.5,8305.1,8141.7,8309.7,8349.3,8214.3,8732.4,8402.9,8964.2,8593.3,8856.3,9296.4,9572.0,9609.9,9708.0,9640.5,9756.0,9682.3,10187.4,10304.8,10704.4,10832.9,10641.6,10784.7,10953.8,10443.8,10229.1,9982.6,9678.8,9769.5,9715.3,10186.8,10134.3,10179.7,10041.8,10435.6,10453.3,10851.8,10838.7,10680.1,10624.1,11052.1,11709.8,11700.2,11618.6,11909.0,12251.8,12607.1,13635.8,13349.3,13214.6,13495.9,14048.9,14340.0,14414.9,14031.1,13990.9,14230.3,14937.8,15278.7,14928.0,15045.8,14640.9,15279.0,15621.7,16188.3,16446.0,16423.2,15945.2,15995.9,13315.4,13625.8,14986.3,15642.2,15805.7,17412.3,18539.2,19604.1,20993.7,21759.1,21292.5,21930.1,21619.6,21252.2,22746.5,23330.9,23045.7,23750.4,23881.5,24013.3,25059.5
